;fixed acidity;volatile acidity;citric acid;residual sugar;chlorides;free sulfur dioxide;total sulfur dioxide;density;pH;sulphates;alcohol;quality;category
0;7.4;0.7;0.0;1.9;0.076;11.0;34.0;0.9978;3.51;0.56;9.4;5;0
1;7.8;0.88;0.0;2.6;0.098;25.0;67.0;0.9968;3.2;0.68;9.8;5;0
2;7.8;0.76;0.04;2.3;0.092;15.0;54.0;0.997;3.26;0.65;9.8;5;0
4;7.4;0.7;0.0;1.9;0.076;11.0;34.0;0.9978;3.51;0.56;9.4;5;0
5;7.4;0.66;0.0;1.8;0.075;13.0;40.0;0.9978;3.51;0.56;9.4;5;0
6;7.9;0.6;0.06;1.6;0.069;15.0;59.0;0.9964;3.3;0.46;9.4;5;0
7;7.3;0.65;0.0;1.2;0.065;15.0;21.0;0.9946;3.39;0.47;10.0;7;1
8;7.8;0.58;0.02;2.0;0.073;9.0;18.0;0.9968;3.36;0.57;9.5;7;1
9;7.5;0.5;0.36;6.1;0.071;17.0;102.0;0.9978;3.35;0.8;10.5;5;0
10;6.7;0.58;0.08;1.8;0.09699999999999999;15.0;65.0;0.9959;3.28;0.54;9.2;5;0
11;7.5;0.5;0.36;6.1;0.071;17.0;102.0;0.9978;3.35;0.8;10.5;5;0
12;5.6;0.615;0.0;1.6;0.08900000000000001;16.0;59.0;0.9943;3.58;0.52;9.9;5;0
13;7.8;0.61;0.29;1.6;0.114;9.0;29.0;0.9974;3.26;0.652495285983658;9.1;5;0
14;8.9;0.62;0.18;3.8;0.17600000000000002;52.0;145.0;0.9986;3.16;0.88;9.2;5;0
15;8.9;0.62;0.19;3.9;0.17;51.0;148.0;0.9986;3.17;0.93;9.2;5;0
16;8.5;0.28;0.56;1.8;0.092;35.0;103.0;0.9969;3.3;0.75;10.5;7;1
17;8.1;0.56;0.28;1.7;0.08294229549778061;16.0;56.0;0.9968;3.11;1.28;9.3;5;0
18;7.4;0.59;0.08;4.4;0.086;6.0;29.0;0.9974;3.38;0.5;9.0;4;0
21;7.6;0.39;0.31;2.3;0.08199999999999999;23.0;71.0;0.9982;3.52;0.65;9.7;5;0
22;7.9;0.43;0.21;1.6;0.106;10.0;37.0;0.9966;3.17;0.91;9.5;5;0
23;8.5;0.49;0.11;2.3;0.084;9.0;67.0;0.9968;3.17;0.53;9.4;5;0
25;6.3;0.39;0.16;1.4;0.08;11.0;23.0;0.9955;3.34;0.56;9.3;5;0
26;7.6;0.41;0.24;1.8;0.08;4.0;11.0;0.9962;3.28;0.59;9.5;5;0
27;7.9;0.43;0.21;1.6;0.106;10.0;37.0;0.9966;3.17;0.91;9.5;5;0
28;7.1;0.71;0.0;1.9;0.08;14.0;35.0;0.9972;3.47;0.55;9.4;5;0
30;6.7;0.675;0.07;2.4;0.08900000000000001;17.0;82.0;0.9958;3.35;0.54;10.1;5;0
32;8.3;0.655;0.12;2.3;0.083;15.0;113.0;0.9966;3.17;0.66;9.8;5;0
34;5.2;0.32;0.25;1.8;0.10300000000000001;13.0;50.0;0.9957;3.38;0.55;9.2;5;0
37;8.1;0.38;0.28;2.1;0.066;13.0;30.0;0.9968;3.23;0.73;9.7;7;1
38;5.7;1.13;0.09;1.5;0.172;7.0;19.0;0.9940000000000001;3.5;0.48;9.8;4;0
39;7.3;0.45;0.36;5.9;0.07400000000000001;12.0;87.0;0.9978;3.33;0.83;10.5;5;0
40;7.3;0.45;0.36;5.9;0.07400000000000001;12.0;87.0;0.9978;3.33;0.83;10.5;5;0
41;8.8;0.61;0.3;2.8;0.08800000000000001;17.0;46.0;0.9976;3.26;0.51;9.3;4;0
43;8.1;0.66;0.22;2.2;0.069;9.0;23.0;0.9968;3.3;1.2;10.3;5;0
44;6.8;0.67;0.02;1.8;0.05;5.0;11.0;0.9962;3.48;0.52;9.5;5;0
45;4.6;0.52;0.15;2.1;0.054000000000000006;8.0;65.0;0.9934;3.9;0.56;13.1;4;0
46;7.7;0.935;0.43;2.2;0.114;22.0;114.0;0.997;3.25;0.73;9.2;5;0
47;8.7;0.29;0.52;1.6;0.113;12.0;37.0;0.9969;3.25;0.58;9.5;5;0
48;6.4;0.4;0.23;1.6;0.066;5.0;12.0;0.9958;3.34;0.56;9.2;5;0
49;5.6;0.31;0.37;1.4;0.07400000000000001;12.0;96.0;0.9954;3.32;0.58;9.2;5;0
50;8.8;0.66;0.26;1.7;0.07400000000000001;4.0;23.0;0.9971;3.15;0.74;9.2;5;0
53;8.6;0.38;0.36;3.0;0.081;30.0;119.0;0.997;3.2;0.56;9.4;5;0
55;7.7;0.62;0.04;3.8;0.084;25.0;45.0;0.9978;3.34;0.53;9.5;5;0
56;10.2;0.42;0.57;3.4;0.07;4.0;10.0;0.9971;3.04;0.63;9.6;5;0
57;7.5;0.63;0.12;5.1;0.111;50.0;110.0;0.9983;3.26;0.77;9.4;5;0
58;7.8;0.59;0.18;2.3;0.076;17.0;54.0;0.9975;3.43;0.59;10.0;5;0
60;8.8;0.4;0.4;2.2;0.079;19.0;52.0;0.998;3.44;0.64;9.2;5;0
61;7.7;0.69;0.49;1.8;0.115;20.0;112.0;0.9968;3.21;0.71;9.3;5;0
62;7.5;0.52;0.16;1.9;0.085;12.0;35.0;0.9968;3.38;0.62;9.5;7;1
63;7.0;0.735;0.05;2.0;0.081;13.0;54.0;0.9966;3.39;0.57;9.8;5;0
64;7.2;0.725;0.05;4.65;0.086;4.0;11.0;0.9962;3.41;0.39;10.9;5;0
65;7.2;0.725;0.05;4.65;0.086;4.0;11.0;0.9962;3.41;0.39;10.9;5;0
66;7.5;0.52;0.11;1.5;0.079;11.0;39.0;0.9968;3.42;0.58;9.6;5;0
67;6.6;0.705;0.07;1.6;0.076;6.0;15.0;0.9962;3.44;0.58;10.7;5;0
68;9.3;0.32;0.57;2.0;0.07400000000000001;27.0;65.0;0.9969;3.28;0.79;10.7;5;0
71;7.7;0.67;0.23;2.1;0.08800000000000001;17.0;96.0;0.9962;3.32;0.48;9.5;5;0
72;7.7;0.69;0.22;1.9;0.084;18.0;94.0;0.9961;3.31;0.48;9.5;5;0
73;8.3;0.675;0.26;2.1;0.084;11.0;43.0;0.9976;3.31;0.53;9.2;4;0
74;9.7;0.32;0.54;2.5;0.094;28.0;83.0;0.9984;3.28;0.82;9.6;5;0
75;8.8;0.41;0.64;2.2;0.09300000000000001;9.0;42.0;0.9986;3.54;0.66;10.5;5;0
76;8.8;0.41;0.64;2.2;0.09300000000000001;9.0;42.0;0.9986;3.54;0.66;10.5;5;0
78;6.7;0.75;0.12;2.0;0.086;12.0;80.0;0.9958;3.38;0.52;10.1;5;0
79;8.3;0.625;0.2;1.5;0.08;27.0;119.0;0.9972;3.16;1.12;9.1;4;0
80;6.2;0.45;0.2;1.6;0.069;3.0;15.0;0.9958;3.41;0.56;9.2;5;0
81;7.8;0.43;0.7;1.9;0.08294229549778061;22.0;67.0;0.9974;3.13;1.28;9.4;5;0
82;7.4;0.5;0.47;2.0;0.086;21.0;73.0;0.997;3.36;0.57;9.1;5;0
83;7.3;0.67;0.26;1.8;0.08294229549778061;16.0;51.0;0.9969;3.16;1.14;9.4;5;0
85;6.9;0.55;0.15;2.2;0.076;19.0;40.0;0.9961;3.41;0.59;10.1;5;0
87;7.7;0.49;0.26;1.9;0.062;9.0;31.0;0.9966;3.39;0.64;9.6;5;0
88;9.3;0.39;0.44;2.1;0.107;34.0;125.0;0.9978;3.14;1.22;9.5;5;0
89;7.0;0.62;0.08;1.8;0.076;8.0;24.0;0.9978;3.48;0.53;9.0;5;0
90;7.9;0.52;0.26;1.9;0.079;42.0;140.0;0.9964;3.23;0.54;9.5;5;0
92;8.6;0.49;0.29;2.0;0.11;19.0;133.0;0.9972;2.93;0.652495285983658;9.8;5;0
93;7.7;0.49;0.26;1.9;0.062;9.0;31.0;0.9966;3.39;0.64;9.6;5;0
94;5.0;1.02;0.04;1.4;0.045;41.0;85.0;0.9938;3.75;0.48;10.5;4;0
96;6.8;0.775;0.0;3.0;0.102;8.0;23.0;0.9965;3.45;0.56;10.7;5;0
97;7.0;0.5;0.25;2.0;0.07;3.0;22.0;0.9963;3.25;0.63;9.2;5;0
98;7.6;0.9;0.06;2.5;0.079;5.0;10.0;0.9967;3.39;0.56;9.8;5;0
103;8.1;0.575;0.22;2.1;0.077;12.0;65.0;0.9967;3.29;0.51;9.2;5;0
104;7.2;0.49;0.24;2.2;0.07;5.0;36.0;0.996;3.33;0.48;9.4;5;0
105;8.1;0.575;0.22;2.1;0.077;12.0;65.0;0.9967;3.29;0.51;9.2;5;0
106;7.8;0.41;0.68;1.7;0.08294229549778061;18.0;69.0;0.9973;3.08;1.31;9.3;5;0
107;6.2;0.63;0.31;1.7;0.08800000000000001;15.0;64.0;0.9969;3.46;0.79;9.3;5;0
109;8.1;0.785;0.52;2.0;0.122;37.0;153.0;0.9969;3.21;0.69;9.3;5;0
110;7.8;0.56;0.19;1.8;0.10400000000000001;12.0;47.0;0.9964;3.19;0.93;9.5;5;0
111;8.4;0.62;0.09;2.2;0.084;11.0;108.0;0.9964;3.15;0.66;9.8;5;0
112;8.4;0.6;0.1;2.2;0.085;14.0;111.0;0.9964;3.15;0.66;9.8;5;0
114;7.8;0.56;0.19;1.8;0.10400000000000001;12.0;47.0;0.9964;3.19;0.93;9.5;5;0
120;7.3;1.07;0.09;1.7;0.17800000000000002;10.0;89.0;0.9962;3.3;0.57;9.0;5;0
122;7.3;0.695;0.0;2.5;0.075;3.0;13.0;0.998;3.49;0.52;9.2;5;0
123;8.0;0.71;0.0;2.6;0.08;11.0;34.0;0.9976;3.44;0.53;9.5;5;0
124;7.8;0.5;0.17;1.6;0.08199999999999999;21.0;102.0;0.996;3.39;0.48;9.5;5;0
125;9.0;0.62;0.04;1.9;0.146;27.0;90.0;0.9984;3.16;0.7;9.4;5;0
126;8.2;1.33;0.0;1.7;0.081;3.0;12.0;0.9964;3.53;0.49;10.9;5;0
127;8.1;1.33;0.0;1.8;0.08199999999999999;3.0;12.0;0.9964;3.54;0.48;10.9;5;0
128;8.0;0.59;0.16;1.8;0.065;3.0;16.0;0.9962;3.42;0.92;10.5;7;1
129;6.1;0.38;0.15;1.8;0.07200000000000001;6.0;19.0;0.9955;3.42;0.57;9.4;5;0
130;8.0;0.745;0.56;2.0;0.11800000000000001;30.0;134.0;0.9968;3.24;0.66;9.4;5;0
131;5.6;0.5;0.09;2.3;0.049;17.0;99.0;0.9937;3.63;0.63;13.0;5;0
132;5.6;0.5;0.09;2.3;0.049;17.0;99.0;0.9937;3.63;0.63;13.0;5;0
135;8.4;0.745;0.11;1.9;0.09;16.0;63.0;0.9965;3.19;0.82;9.6;5;0
136;8.3;0.715;0.15;1.8;0.08900000000000001;10.0;52.0;0.9968;3.23;0.77;9.5;5;0
137;7.2;0.415;0.36;2.0;0.081;13.0;45.0;0.9972;3.48;0.64;9.2;5;0
138;7.8;0.56;0.19;2.1;0.081;15.0;105.0;0.9962;3.33;0.54;9.5;5;0
139;7.8;0.56;0.19;2.0;0.081;17.0;108.0;0.9962;3.32;0.54;9.5;5;0
140;8.4;0.745;0.11;1.9;0.09;16.0;63.0;0.9965;3.19;0.82;9.6;5;0
141;8.3;0.715;0.15;1.8;0.08900000000000001;10.0;52.0;0.9968;3.23;0.77;9.5;5;0
143;6.3;0.39;0.08;1.7;0.066;3.0;20.0;0.9954;3.34;0.58;9.4;5;0
145;8.1;0.67;0.55;1.8;0.11699999999999999;32.0;141.0;0.9968;3.17;0.62;9.4;5;0
146;5.8;0.68;0.02;1.8;0.087;21.0;94.0;0.9944;3.54;0.52;10.0;5;0
147;7.6;0.49;0.26;1.6;0.23600000000000002;10.0;88.0;0.9968;3.11;0.8;9.3;5;0
151;9.2;0.52;1.0;3.4;0.08294229549778061;32.0;69.0;0.9996;2.74;0.652495285983658;9.4;4;0
152;7.5;0.6;0.03;1.8;0.095;25.0;99.0;0.995;3.35;0.54;10.1;5;0
153;7.5;0.6;0.03;1.8;0.095;25.0;99.0;0.995;3.35;0.54;10.1;5;0
154;7.1;0.43;0.42;5.5;0.07;29.0;129.0;0.9973;3.42;0.72;10.5;5;0
155;7.1;0.43;0.42;5.5;0.071;28.0;128.0;0.9973;3.42;0.71;10.5;5;0
156;7.1;0.43;0.42;5.5;0.07;29.0;129.0;0.9973;3.42;0.72;10.5;5;0
157;7.1;0.43;0.42;5.5;0.071;28.0;128.0;0.9973;3.42;0.71;10.5;5;0
158;7.1;0.68;0.0;2.2;0.073;12.0;22.0;0.9969;3.48;0.5;9.3;5;0
160;7.6;0.95;0.03;2.0;0.09;7.0;20.0;0.9959;3.2;0.56;9.6;5;0
161;7.6;0.68;0.02;1.3;0.07200000000000001;9.0;20.0;0.9965;3.17;1.08;9.2;4;0
163;7.4;0.6;0.26;7.3;0.07;36.0;121.0;0.9982;3.37;0.49;9.4;5;0
164;7.3;0.59;0.26;7.2;0.07;35.0;121.0;0.9981;3.37;0.49;9.4;5;0
165;7.8;0.63;0.48;1.7;0.1;14.0;96.0;0.9961;3.19;0.62;9.5;5;0
166;6.8;0.64;0.1;2.1;0.085;18.0;101.0;0.9956;3.34;0.52;10.2;5;0
167;7.3;0.55;0.03;1.6;0.07200000000000001;17.0;42.0;0.9956;3.37;0.48;9.0;4;0
169;7.5;0.705;0.24;1.8;0.08294229549778061;15.0;63.0;0.9964;3.0;0.652495285983658;9.5;5;0
170;7.9;0.885;0.03;1.8;0.057999999999999996;4.0;8.0;0.9972;3.36;0.33;9.1;4;0
174;7.3;0.38;0.21;2.0;0.08;7.0;35.0;0.9961;3.33;0.47;9.5;5;0
175;6.9;0.5;0.04;1.5;0.085;19.0;49.0;0.9958;3.35;0.78;9.5;5;0
176;7.3;0.38;0.21;2.0;0.08;7.0;35.0;0.9961;3.33;0.47;9.5;5;0
178;7.0;0.805;0.0;2.5;0.068;7.0;20.0;0.9969;3.48;0.56;9.6;5;0
179;8.8;0.61;0.14;2.4;0.067;10.0;42.0;0.9969;3.19;0.59;9.5;5;0
180;8.8;0.61;0.14;2.4;0.067;10.0;42.0;0.9969;3.19;0.59;9.5;5;0
181;8.9;0.61;0.49;2.0;0.27;23.0;110.0;0.9972;3.12;1.02;9.3;5;0
182;7.2;0.73;0.02;2.5;0.076;16.0;42.0;0.9972;3.44;0.52;9.3;5;0
183;6.8;0.61;0.2;1.8;0.077;11.0;65.0;0.9971;3.54;0.58;9.3;5;0
185;8.9;0.31;0.57;2.0;0.111;26.0;85.0;0.9971;3.26;0.53;9.7;5;0
186;7.4;0.39;0.48;2.0;0.08199999999999999;14.0;67.0;0.9972;3.34;0.55;9.2;5;0
187;7.7;0.705;0.1;2.6;0.084;9.0;26.0;0.9976;3.39;0.49;9.7;5;0
188;7.9;0.5;0.33;2.0;0.084;15.0;143.0;0.9968;3.2;0.55;9.5;5;0
189;7.9;0.49;0.32;1.9;0.08199999999999999;17.0;144.0;0.9968;3.2;0.55;9.5;5;0
190;8.2;0.5;0.35;2.9;0.077;21.0;127.0;0.9976;3.23;0.62;9.4;5;0
192;6.8;0.63;0.12;3.8;0.099;16.0;126.0;0.9969;3.28;0.61;9.5;5;0
193;7.6;0.55;0.21;2.2;0.071;7.0;28.0;0.9964;3.28;0.55;9.7;5;0
194;7.6;0.55;0.21;2.2;0.071;7.0;28.0;0.9964;3.28;0.55;9.7;5;0
195;7.8;0.59;0.33;2.0;0.07400000000000001;24.0;120.0;0.9968;3.25;0.54;9.4;5;0
196;7.3;0.58;0.3;2.4;0.07400000000000001;15.0;55.0;0.9968;3.46;0.59;10.2;5;0
198;5.4;0.835;0.08;1.2;0.046;13.0;93.0;0.9924;3.57;0.85;13.0;7;1
199;6.9;1.09;0.06;2.1;0.061;12.0;31.0;0.9948;3.51;0.43;11.4;4;0
200;9.6;0.32;0.47;1.4;0.055999999999999994;9.0;24.0;0.99695;3.22;0.82;10.3;7;1
201;8.8;0.37;0.48;2.1;0.09699999999999999;39.0;145.0;0.9975;3.04;1.03;9.3;5;0
202;6.8;0.5;0.11;1.5;0.075;16.0;49.0;0.99545;3.36;0.79;9.5;5;0
203;7.0;0.42;0.35;1.6;0.08800000000000001;16.0;39.0;0.9961;3.34;0.55;9.2;5;0
205;12.8;0.3;0.74;2.6;0.095;9.0;28.0;0.9994;3.2;0.77;10.8;7;1
206;12.8;0.3;0.74;2.6;0.095;9.0;28.0;0.9994;3.2;0.77;10.8;7;1
207;7.8;0.57;0.31;1.8;0.069;26.0;120.0;0.99625;3.29;0.53;9.3;5;0
208;7.8;0.44;0.28;2.7;0.1;18.0;95.0;0.9966;3.22;0.67;9.4;5;0
209;11.0;0.3;0.58;2.1;0.054000000000000006;7.0;19.0;0.998;3.31;0.88;10.5;7;1
213;8.2;0.57;0.26;2.2;0.06;28.0;65.0;0.9959;3.3;0.43;10.1;5;0
215;7.0;0.49;0.49;5.6;0.06;26.0;121.0;0.9974;3.34;0.76;10.5;5;0
216;8.7;0.625;0.16;2.0;0.10099999999999999;13.0;49.0;0.9962;3.14;0.57;11.0;5;0
217;8.1;0.725;0.22;2.2;0.07200000000000001;11.0;41.0;0.9967;3.36;0.55;9.1;5;0
218;7.5;0.49;0.19;1.9;0.076;10.0;44.0;0.9957;3.39;0.54;9.7;5;0
219;7.8;0.53;0.33;2.4;0.08;24.0;144.0;0.99655;3.3;0.6;9.5;5;0
221;7.4;0.53;0.26;2.0;0.10099999999999999;16.0;72.0;0.9957;3.15;0.57;9.4;5;0
222;6.8;0.61;0.04;1.5;0.057;5.0;10.0;0.99525;3.42;0.6;9.5;5;0
224;8.4;0.635;0.36;2.0;0.08900000000000001;15.0;55.0;0.99745;3.31;0.57;10.4;4;0
227;9.0;0.82;0.14;2.6;0.08900000000000001;9.0;23.0;0.9984;3.39;0.63;9.8;5;0
229;6.9;0.52;0.25;2.6;0.081;10.0;37.0;0.99685;3.46;0.5;11.0;5;0
230;5.2;0.48;0.04;1.6;0.054000000000000006;19.0;106.0;0.9927;3.54;0.62;12.2;7;1
233;6.9;0.52;0.25;2.6;0.081;10.0;37.0;0.99685;3.46;0.5;11.0;5;0
240;8.9;0.635;0.37;1.7;0.263;5.0;62.0;0.9971;3.0;1.09;9.3;5;0
243;15.0;0.21;0.44;2.2;0.075;10.0;24.0;1.00005;3.07;0.84;9.2;7;1
244;15.0;0.21;0.44;2.2;0.075;10.0;24.0;1.00005;3.07;0.84;9.2;7;1
246;7.1;0.68;0.07;1.9;0.075;16.0;51.0;0.99685;3.38;0.52;9.5;5;0
247;8.2;0.6;0.17;2.3;0.07200000000000001;11.0;73.0;0.9963;3.2;0.45;9.3;5;0
252;11.1;0.35;0.48;3.1;0.09;5.0;21.0;0.9986;3.17;0.53;10.5;5;0
253;7.7;0.775;0.42;1.9;0.092;8.0;86.0;0.9959;3.23;0.59;9.5;5;0
255;8.0;0.57;0.23;3.2;0.073;17.0;119.0;0.99675;3.26;0.57;9.3;5;0
256;9.4;0.34;0.37;2.2;0.075;5.0;13.0;0.998;3.22;0.62;9.2;5;0
257;6.6;0.695;0.0;2.1;0.075;12.0;56.0;0.9968;3.49;0.67;9.2;5;0
258;7.7;0.41;0.76;1.8;0.08294229549778061;8.0;45.0;0.9968;3.06;1.26;9.4;5;0
259;10.0;0.31;0.47;2.6;0.085;14.0;33.0;0.99965;3.36;0.8;10.5;7;1
260;7.9;0.33;0.23;1.7;0.077;18.0;45.0;0.99625;3.29;0.65;9.3;5;0
261;7.0;0.975;0.04;2.0;0.087;12.0;67.0;0.99565;3.35;0.6;9.4;4;0
262;8.0;0.52;0.03;1.7;0.07;10.0;35.0;0.99575;3.34;0.57;10.0;5;0
263;7.9;0.37;0.23;1.8;0.077;23.0;49.0;0.9963;3.28;0.67;9.3;5;0
264;12.5;0.56;0.49;2.4;0.064;5.0;27.0;0.9999;3.08;0.87;10.9;5;0
265;11.8;0.26;0.52;1.8;0.071;6.0;10.0;0.9968;3.2;0.72;10.2;7;1
266;8.1;0.87;0.0;3.3;0.096;26.0;61.0;1.00025;3.6;0.72;9.8;4;0
267;7.9;0.35;0.46;3.6;0.078;15.0;37.0;0.9973;3.35;0.86;12.8;8;1
272;10.9;0.37;0.58;4.0;0.071;17.0;65.0;0.99935;3.22;0.78;10.1;5;0
273;8.4;0.715;0.2;2.4;0.076;10.0;38.0;0.99735;3.31;0.64;9.4;5;0
274;7.5;0.65;0.18;7.0;0.08800000000000001;27.0;94.0;0.99915;3.38;0.77;9.4;5;0
278;10.3;0.32;0.45;6.4;0.073;5.0;13.0;0.9976;3.23;0.82;12.6;8;1
279;8.9;0.4;0.32;5.6;0.087;10.0;47.0;0.9991;3.38;0.77;10.5;7;1
281;7.7;0.27;0.68;3.5;0.08294229549778061;5.0;10.0;0.9972;3.25;1.08;9.9;7;1
282;7.6;0.52;0.12;3.0;0.067;12.0;53.0;0.9971;3.36;0.57;9.1;5;0
283;8.9;0.4;0.32;5.6;0.087;10.0;47.0;0.9991;3.38;0.77;10.5;7;1
284;9.9;0.59;0.07;3.4;0.102;32.0;71.0;1.00015;3.31;0.71;9.8;5;0
285;9.9;0.59;0.07;3.4;0.102;32.0;71.0;1.00015;3.31;0.71;9.8;5;0
288;8.7;0.52;0.09;2.5;0.091;20.0;49.0;0.9976;3.34;0.86;10.6;7;1
289;11.6;0.42;0.53;3.3;0.105;33.0;98.0;1.001;3.2;0.95;9.2;5;0
290;8.7;0.52;0.09;2.5;0.091;20.0;49.0;0.9976;3.34;0.86;10.6;7;1
291;11.0;0.2;0.48;2.0;0.08294229549778061;6.0;18.0;0.9979;3.3;0.71;10.5;5;0
295;10.8;0.5;0.46;2.5;0.073;5.0;27.0;1.0001;3.05;0.64;9.5;5;0
296;10.6;0.83;0.37;2.6;0.086;26.0;70.0;0.9981;3.16;0.52;9.9;5;0
297;7.1;0.63;0.06;2.0;0.083;8.0;29.0;0.99855;3.67;0.73;9.6;5;0
298;7.2;0.65;0.02;2.3;0.094;5.0;31.0;0.9993;3.67;0.8;9.7;5;0
299;6.9;0.67;0.06;2.1;0.08;8.0;33.0;0.99845;3.68;0.71;9.6;5;0
302;8.3;0.705;0.12;2.6;0.092;12.0;28.0;0.9994;3.51;0.72;10.0;5;0
303;7.4;0.67;0.12;1.6;0.18600000000000003;5.0;21.0;0.996;3.39;0.54;9.5;5;0
304;8.4;0.65;0.6;2.1;0.11199999999999999;12.0;90.0;0.9973;3.2;0.52;9.2;5;0
306;7.6;0.62;0.32;2.2;0.08199999999999999;7.0;54.0;0.9966;3.36;0.52;9.4;5;0
313;8.6;0.47;0.3;3.0;0.076;30.0;135.0;0.9976;3.3;0.53;9.4;5;0
314;7.4;0.36;0.29;2.6;0.087;26.0;72.0;0.99645;3.39;0.68;11.0;5;0
316;9.6;0.56;0.23;3.4;0.102;37.0;92.0;0.9996;3.3;0.65;10.1;5;0
318;9.8;0.66;0.39;3.2;0.083;21.0;59.0;0.9989;3.37;0.71;11.5;7;1
320;9.8;0.66;0.39;3.2;0.083;21.0;59.0;0.9989;3.37;0.71;11.5;7;1
321;9.3;0.61;0.26;3.4;0.09;25.0;87.0;0.99975;3.24;0.62;9.7;5;0
322;7.8;0.62;0.05;2.3;0.079;6.0;18.0;0.99735;3.29;0.63;9.3;5;0
326;11.6;0.53;0.66;3.65;0.121;6.0;14.0;0.9978;3.05;0.74;11.5;7;1
327;10.3;0.44;0.5;4.5;0.107;5.0;13.0;0.998;3.28;0.83;11.5;5;0
329;10.7;0.46;0.39;2.0;0.061;7.0;15.0;0.9981;3.18;0.62;9.5;5;0
333;8.4;0.56;0.08;2.1;0.105;16.0;44.0;0.9958;3.13;0.52;11.0;5;0
334;7.9;0.65;0.01;2.5;0.078;17.0;38.0;0.9963;3.34;0.74;11.7;7;1
335;11.9;0.695;0.53;3.4;0.128;7.0;21.0;0.9992;3.17;0.84;12.2;7;1
337;7.8;0.43;0.32;2.8;0.08;29.0;58.0;0.9974;3.31;0.64;10.3;5;0
339;12.5;0.28;0.54;2.3;0.08199999999999999;12.0;29.0;0.9997;3.11;1.36;9.8;7;1
345;7.0;0.685;0.0;1.9;0.067;40.0;63.0;0.9979;3.6;0.81;9.9;5;0
346;6.6;0.815;0.02;2.7;0.07200000000000001;17.0;34.0;0.9955;3.58;0.89;12.3;7;1
352;7.7;0.665;0.0;2.4;0.09;8.0;19.0;0.9974;3.27;0.73;9.3;5;0
353;13.5;0.53;0.79;4.8;0.12;23.0;77.0;1.0018;3.18;0.77;13.0;5;0
356;11.5;0.41;0.52;3.0;0.08;29.0;55.0;1.0001;3.26;0.88;11.0;5;0
357;10.5;0.42;0.66;2.95;0.11599999999999999;12.0;29.0;0.997;3.24;0.75;11.7;7;1
358;11.9;0.43;0.66;3.1;0.109;10.0;23.0;1.0;3.15;0.85;10.4;7;1
360;8.2;0.7;0.23;2.0;0.099;14.0;81.0;0.9973;3.19;0.7;9.4;5;0
362;11.9;0.58;0.66;2.5;0.07200000000000001;6.0;37.0;0.9992;3.05;0.56;10.0;5;0
363;12.5;0.46;0.63;2.0;0.071;6.0;15.0;0.9988;2.99;0.87;10.2;5;0
364;12.8;0.615;0.66;5.8;0.083;7.0;42.0;1.0022;3.07;0.73;10.0;7;1
366;12.8;0.615;0.66;5.8;0.083;7.0;42.0;1.0022;3.07;0.73;10.0;7;1
367;10.4;0.575;0.61;2.6;0.076;11.0;24.0;1.0;3.16;0.69;9.0;5;0
368;10.3;0.34;0.52;2.8;0.159;15.0;75.0;0.9998;3.18;0.64;9.4;5;0
369;9.4;0.27;0.53;2.4;0.07400000000000001;6.0;18.0;0.9962;3.2;1.13;12.0;7;1
370;6.9;0.765;0.02;2.3;0.063;35.0;63.0;0.9975;3.57;0.78;9.9;5;0
373;7.4;0.55;0.22;2.2;0.106;12.0;72.0;0.9959;3.05;0.63;9.2;5;0
375;11.5;0.54;0.71;4.4;0.124;6.0;15.0;0.9984;3.01;0.83;11.8;7;1
377;9.4;0.27;0.53;2.4;0.07400000000000001;6.0;18.0;0.9962;3.2;1.13;12.0;7;1
384;7.7;0.51;0.28;2.1;0.087;23.0;54.0;0.998;3.42;0.74;9.2;5;0
389;9.6;0.38;0.31;2.5;0.096;16.0;49.0;0.9982;3.19;0.7;10.0;7;1
390;5.6;0.85;0.05;1.4;0.045;12.0;88.0;0.9924;3.56;0.82;12.9;8;1
392;9.5;0.37;0.52;2.0;0.08199999999999999;6.0;26.0;0.998;3.18;0.51;9.5;5;0
393;8.4;0.665;0.61;2.0;0.11199999999999999;13.0;95.0;0.997;3.16;0.54;9.1;5;0
394;12.7;0.6;0.65;2.3;0.063;6.0;25.0;0.9997;3.03;0.57;9.9;5;0
395;12.0;0.37;0.76;4.2;0.066;7.0;38.0;1.0004;3.22;0.6;13.0;7;1
396;6.6;0.735;0.02;7.9;0.122;68.0;124.0;0.9994;3.47;0.53;9.9;5;0
399;8.7;0.765;0.22;2.3;0.064;9.0;42.0;0.9963;3.1;0.55;9.4;5;0
400;6.6;0.735;0.02;7.9;0.122;68.0;124.0;0.9994;3.47;0.53;9.9;5;0
404;7.7;0.69;0.05;2.7;0.075;15.0;27.0;0.9974;3.26;0.61;9.1;5;0
407;12.0;0.39;0.66;3.0;0.09300000000000001;12.0;30.0;0.9996;3.18;0.63;10.8;7;1
409;12.5;0.46;0.49;4.5;0.07;26.0;49.0;0.9981;3.05;0.57;9.6;4;0
411;9.1;0.45;0.35;2.4;0.08;23.0;78.0;0.9987;3.38;0.62;9.5;5;0
412;7.1;0.735;0.16;1.9;0.1;15.0;77.0;0.9966;3.27;0.64;9.3;5;0
413;9.9;0.4;0.53;6.7;0.09699999999999999;6.0;19.0;0.9986;3.27;0.82;11.7;7;1
414;8.8;0.52;0.34;2.7;0.087;24.0;122.0;0.9982;3.26;0.61;9.5;5;0
415;8.6;0.725;0.24;6.6;0.11699999999999999;31.0;134.0;1.0014;3.32;1.07;9.3;5;0
417;7.0;0.58;0.12;1.9;0.091;34.0;124.0;0.9956;3.44;0.48;10.5;5;0
419;6.8;0.77;0.0;1.8;0.066;34.0;52.0;0.9976;3.62;0.68;9.9;5;0
420;9.5;0.56;0.33;2.4;0.08900000000000001;35.0;67.0;0.9972;3.28;0.73;11.8;7;1
421;6.6;0.84;0.03;2.3;0.059000000000000004;32.0;48.0;0.9952;3.52;0.56;12.3;7;1
422;7.7;0.96;0.2;2.0;0.047;15.0;60.0;0.9955;3.36;0.44;10.9;5;0
423;10.5;0.24;0.47;2.1;0.066;6.0;24.0;0.9978;3.15;0.9;11.0;7;1
424;7.7;0.96;0.2;2.0;0.047;15.0;60.0;0.9955;3.36;0.44;10.9;5;0
425;6.6;0.84;0.03;2.3;0.059000000000000004;32.0;48.0;0.9952;3.52;0.56;12.3;7;1
428;9.1;0.52;0.33;1.3;0.07;9.0;30.0;0.9978;3.24;0.6;9.3;5;0
430;10.5;0.24;0.47;2.1;0.066;6.0;24.0;0.9978;3.15;0.9;11.0;7;1
431;7.8;0.55;0.35;2.2;0.07400000000000001;21.0;66.0;0.9974;3.25;0.56;9.2;5;0
433;12.3;0.39;0.63;2.3;0.091;6.0;18.0;1.0004;3.16;0.49;9.5;5;0
435;12.3;0.39;0.63;2.3;0.091;6.0;18.0;1.0004;3.16;0.49;9.5;5;0
439;7.0;0.62;0.18;1.5;0.062;7.0;50.0;0.9951;3.08;0.6;9.3;5;0
440;12.6;0.31;0.72;2.2;0.07200000000000001;6.0;29.0;0.9987;2.88;0.82;9.8;8;1
442;15.6;0.685;0.76;3.7;0.1;6.0;43.0;1.0032;2.95;0.68;11.2;7;1
443;10.0;0.44;0.49;2.7;0.077;11.0;19.0;0.9963;3.23;0.63;11.6;7;1
444;5.3;0.57;0.01;1.7;0.054000000000000006;5.0;27.0;0.9934;3.57;0.84;12.5;7;1
446;12.5;0.38;0.6;2.6;0.081;31.0;72.0;0.9996;3.1;0.73;10.5;5;0
447;9.3;0.48;0.29;2.1;0.127;6.0;16.0;0.9968;3.22;0.72;11.2;5;0
453;10.4;0.33;0.63;2.8;0.084;5.0;22.0;0.9998;3.26;0.74;11.2;7;1
454;7.0;0.23;0.4;1.6;0.063;21.0;67.0;0.9952;3.5;0.63;11.1;5;0
455;11.3;0.62;0.67;5.2;0.086;6.0;19.0;0.9988;3.22;0.69;13.4;8;1
456;8.9;0.59;0.39;2.3;0.095;5.0;22.0;0.9986;3.37;0.58;10.3;5;0
457;9.2;0.63;0.21;2.7;0.09699999999999999;29.0;65.0;0.9988;3.28;0.58;9.6;5;0
458;10.4;0.33;0.63;2.8;0.084;5.0;22.0;0.9998;3.26;0.74;11.2;7;1
461;8.3;0.615;0.22;2.6;0.087;6.0;19.0;0.9982;3.26;0.61;9.3;5;0
462;11.0;0.26;0.68;2.55;0.085;10.0;25.0;0.997;3.18;0.61;11.8;5;0
463;8.1;0.66;0.7;2.2;0.098;25.0;129.0;0.9972;3.08;0.53;9.0;5;0
465;10.0;0.29;0.4;2.9;0.098;10.0;26.0;1.0006;3.48;0.91;9.7;5;0
469;8.7;0.82;0.02;1.2;0.07;36.0;48.0;0.9952;3.2;0.58;9.8;5;0
470;13.0;0.32;0.65;2.6;0.09300000000000001;15.0;47.0;0.9996;3.05;0.61;10.6;5;0
473;9.9;0.35;0.55;2.1;0.062;5.0;14.0;0.9971;3.26;0.79;10.6;5;0
475;9.6;0.68;0.24;2.2;0.087;5.0;28.0;0.9988;3.14;0.6;10.2;5;0
476;9.3;0.27;0.41;2.0;0.091;6.0;16.0;0.998;3.28;0.7;9.7;5;0
478;9.6;0.68;0.24;2.2;0.087;5.0;28.0;0.9988;3.14;0.6;10.2;5;0
480;10.6;0.28;0.39;2.463948362720403;0.069;6.0;23.0;1.0026;3.12;0.66;9.2;5;0
481;9.4;0.3;0.56;2.8;0.08;6.0;17.0;0.9964;3.15;0.92;11.7;8;1
482;10.6;0.36;0.59;2.2;0.152;6.0;18.0;0.9986;3.04;1.05;9.4;5;0
483;10.6;0.36;0.6;2.2;0.152;7.0;18.0;0.9986;3.04;1.06;9.4;5;0
485;10.2;0.67;0.39;1.9;0.054000000000000006;6.0;17.0;0.9976;3.17;0.47;10.0;5;0
486;10.2;0.67;0.39;1.9;0.054000000000000006;6.0;17.0;0.9976;3.17;0.47;10.0;5;0
488;11.6;0.32;0.55;2.8;0.081;35.0;67.0;1.0002;3.32;0.92;10.8;7;1
491;9.2;0.41;0.5;2.5;0.055;12.0;25.0;0.9952;3.34;0.79;13.3;7;1
492;8.9;0.4;0.51;2.6;0.052000000000000005;13.0;27.0;0.995;3.32;0.9;13.4;7;1
495;10.7;0.35;0.53;2.6;0.07;5.0;16.0;0.9972;3.15;0.65;11.0;8;1
497;7.2;0.34;0.32;2.5;0.09;43.0;113.0;0.9966;3.32;0.79;11.1;5;0
498;10.7;0.35;0.53;2.6;0.07;5.0;16.0;0.9972;3.15;0.65;11.0;8;1
501;10.4;0.44;0.73;6.55;0.07400000000000001;38.0;76.0;0.9990000000000001;3.17;0.85;12.0;7;1
502;10.4;0.44;0.73;6.55;0.07400000000000001;38.0;76.0;0.9990000000000001;3.17;0.85;12.0;7;1
503;10.5;0.26;0.47;1.9;0.078;6.0;24.0;0.9976;3.18;1.04;10.9;7;1
504;10.5;0.24;0.42;1.8;0.077;6.0;22.0;0.9976;3.21;1.05;10.8;7;1
505;10.2;0.49;0.63;2.9;0.07200000000000001;10.0;26.0;0.9968;3.16;0.78;12.5;7;1
506;10.4;0.24;0.46;1.8;0.075;6.0;21.0;0.9976;3.25;1.02;10.8;7;1
509;13.3;0.29;0.75;2.8;0.084;23.0;43.0;0.9986;3.04;0.68;11.4;7;1
510;12.4;0.42;0.49;4.6;0.073;19.0;43.0;0.9978;3.02;0.61;9.5;5;0
513;10.5;0.51;0.64;2.4;0.107;6.0;15.0;0.9973;3.09;0.66;11.8;7;1
514;10.5;0.51;0.64;2.4;0.107;6.0;15.0;0.9973;3.09;0.66;11.8;7;1
515;8.5;0.655;0.49;6.1;0.122;34.0;151.0;1.001;3.31;1.14;9.3;5;0
519;7.3;0.365;0.49;2.5;0.08800000000000001;39.0;106.0;0.9966;3.36;0.78;11.0;5;0
521;7.6;0.41;0.49;2.0;0.08800000000000001;16.0;43.0;0.998;3.48;0.64;9.1;5;0
522;8.2;0.39;0.49;2.3;0.099;47.0;133.0;0.9979;3.38;0.99;9.8;5;0
523;9.3;0.4;0.49;2.5;0.085;38.0;142.0;0.9978;3.22;0.55;9.4;5;0
524;9.2;0.43;0.49;2.4;0.086;23.0;116.0;0.9976;3.23;0.64;9.5;5;0
525;10.4;0.64;0.24;2.8;0.105;29.0;53.0;0.9998;3.24;0.67;9.9;5;0
526;7.3;0.365;0.49;2.5;0.08800000000000001;39.0;106.0;0.9966;3.36;0.78;11.0;5;0
529;9.9;0.63;0.24;2.4;0.077;6.0;33.0;0.9974;3.09;0.57;9.4;5;0
531;11.9;0.38;0.49;2.7;0.098;12.0;42.0;1.0004;3.16;0.61;10.3;5;0
532;11.9;0.38;0.49;2.7;0.098;12.0;42.0;1.0004;3.16;0.61;10.3;5;0
536;9.9;0.63;0.24;2.4;0.077;6.0;33.0;0.9974;3.09;0.57;9.4;5;0
538;12.9;0.35;0.49;5.8;0.066;5.0;35.0;1.0014;3.2;0.66;12.0;7;1
539;11.2;0.5;0.74;5.15;0.1;5.0;17.0;0.9996;3.22;0.62;11.2;5;0
540;9.2;0.59;0.24;3.3;0.10099999999999999;20.0;47.0;0.9988;3.26;0.67;9.6;5;0
542;9.3;0.715;0.24;2.1;0.07;5.0;20.0;0.9966;3.12;0.59;9.9;5;0
545;9.1;0.47;0.49;2.6;0.094;38.0;106.0;0.9982;3.08;0.59;9.1;5;0
553;5.0;1.04;0.24;1.6;0.05;32.0;96.0;0.9934;3.74;0.62;11.5;5;0
554;15.5;0.645;0.49;4.2;0.095;10.0;23.0;1.00315;2.92;0.74;11.1;5;0
555;15.5;0.645;0.49;4.2;0.095;10.0;23.0;1.00315;2.92;0.74;11.1;5;0
557;15.6;0.645;0.49;4.2;0.095;10.0;23.0;1.00315;2.92;0.74;11.1;5;0
560;12.7;0.6;0.49;2.8;0.075;5.0;19.0;0.9994;3.14;0.57;11.4;5;0
561;9.0;0.44;0.49;2.4;0.078;26.0;121.0;0.9978;3.23;0.58;9.2;5;0
562;9.0;0.54;0.49;2.9;0.094;41.0;110.0;0.9982;3.08;0.61;9.2;5;0
565;12.7;0.6;0.49;2.8;0.075;5.0;19.0;0.9994;3.14;0.57;11.4;5;0
572;10.2;0.24;0.49;2.4;0.075;10.0;28.0;0.9978;3.14;0.61;10.4;5;0
573;10.5;0.59;0.49;2.1;0.07;14.0;47.0;0.9991;3.3;0.56;9.6;4;0
576;9.9;0.5;0.24;2.3;0.10300000000000001;6.0;14.0;0.9978;3.34;0.52;10.0;4;0
577;8.8;0.44;0.49;2.8;0.083;18.0;111.0;0.9982;3.3;0.6;9.5;5;0
578;8.8;0.47;0.49;2.9;0.085;17.0;110.0;0.9982;3.29;0.6;9.8;5;0
580;12.3;0.5;0.49;2.2;0.08900000000000001;5.0;14.0;1.0002;3.19;0.44;9.6;5;0
581;12.3;0.5;0.49;2.2;0.08900000000000001;5.0;14.0;1.0002;3.19;0.44;9.6;5;0
582;11.7;0.49;0.49;2.2;0.083;5.0;15.0;1.0;3.19;0.43;9.2;5;0
583;12.0;0.28;0.49;1.9;0.07400000000000001;10.0;21.0;0.9976;2.98;0.66;9.9;7;1
584;11.8;0.33;0.49;3.4;0.09300000000000001;54.0;80.0;1.0002;3.3;0.76;10.7;7;1
586;11.1;0.31;0.49;2.7;0.094;16.0;47.0;0.9986;3.12;1.02;10.6;7;1
587;7.3;0.73;0.24;1.9;0.10800000000000001;18.0;102.0;0.9967;3.26;0.59;9.3;5;0
588;5.0;0.42;0.24;2.0;0.06;19.0;50.0;0.9917;3.72;0.74;14.0;8;1
589;10.2;0.29;0.49;2.6;0.059000000000000004;5.0;13.0;0.9976;3.05;0.74;10.5;7;1
590;9.0;0.45;0.49;2.6;0.084;21.0;75.0;0.9987;3.35;0.57;9.7;5;0
592;9.0;0.45;0.49;2.6;0.084;21.0;75.0;0.9987;3.35;0.57;9.7;5;0
593;9.9;0.49;0.58;3.5;0.094;9.0;43.0;1.0004;3.29;0.58;9.0;5;0
594;7.9;0.72;0.17;2.6;0.096;20.0;38.0;0.9978;3.4;0.53;9.5;5;0
595;8.9;0.595;0.41;7.9;0.086;30.0;109.0;0.9998;3.27;0.57;9.3;5;0
600;8.2;0.915;0.27;2.1;0.08800000000000001;7.0;23.0;0.9962;3.26;0.47;10.0;4;0
602;7.7;0.835;0.0;2.6;0.081;6.0;14.0;0.9975;3.3;0.52;9.3;5;0
606;9.4;0.41;0.48;4.6;0.07200000000000001;10.0;20.0;0.9973;3.34;0.79;12.2;7;1
610;8.8;0.24;0.54;2.5;0.083;25.0;57.0;0.9983;3.39;0.54;9.2;5;0
611;13.2;0.38;0.55;2.7;0.081;5.0;16.0;1.0006;2.98;0.54;9.4;5;0
613;8.2;0.39;0.38;1.5;0.057999999999999996;10.0;29.0;0.9962;3.26;0.74;9.8;5;0
615;9.6;0.6;0.5;2.3;0.079;28.0;71.0;0.9997;3.5;0.57;9.7;5;0
616;9.6;0.6;0.5;2.3;0.079;28.0;71.0;0.9997;3.5;0.57;9.7;5;0
618;11.4;0.46;0.5;2.7;0.122;4.0;17.0;1.0006;3.13;0.7;10.2;5;0
619;11.3;0.37;0.41;2.3;0.08800000000000001;6.0;16.0;0.9988;3.09;0.8;9.3;5;0
620;8.3;0.54;0.24;3.4;0.076;16.0;112.0;0.9976;3.27;0.61;9.4;5;0
621;8.2;0.56;0.23;3.4;0.078;14.0;104.0;0.9976;3.28;0.62;9.4;5;0
622;10.0;0.58;0.22;1.9;0.08;9.0;32.0;0.9974;3.13;0.55;9.5;5;0
624;6.8;0.69;0.0;5.6;0.124;21.0;58.0;0.9997;3.46;0.72;10.2;5;0
625;6.8;0.69;0.0;5.6;0.124;21.0;58.0;0.9997;3.46;0.72;10.2;5;0
626;8.8;0.6;0.29;2.2;0.098;5.0;15.0;0.9988;3.36;0.49;9.1;5;0
627;8.8;0.6;0.29;2.2;0.098;5.0;15.0;0.9988;3.36;0.49;9.1;5;0
629;7.6;0.685;0.23;2.3;0.111;20.0;84.0;0.9964;3.21;0.61;9.3;5;0
631;10.4;0.28;0.54;2.7;0.105;5.0;19.0;0.9988;3.25;0.63;9.5;5;0
633;10.1;0.935;0.22;3.4;0.105;11.0;86.0;1.001;3.43;0.64;11.3;4;0
634;7.9;0.35;0.21;1.9;0.073;46.0;102.0;0.9964;3.27;0.58;9.5;5;0
635;8.7;0.84;0.0;1.4;0.065;24.0;33.0;0.9954;3.27;0.55;9.7;5;0
636;9.6;0.88;0.28;2.4;0.086;30.0;147.0;0.9979;3.24;0.53;9.4;5;0
637;9.5;0.885;0.27;2.3;0.084;31.0;145.0;0.9978;3.24;0.53;9.4;5;0
638;7.7;0.915;0.12;2.2;0.14300000000000002;7.0;23.0;0.9964;3.35;0.65;10.2;7;1
640;9.9;0.54;0.45;2.3;0.071;16.0;40.0;0.9991;3.39;0.62;9.4;5;0
641;9.5;0.59;0.44;2.3;0.071;21.0;68.0;0.9992;3.46;0.63;9.5;5;0
642;9.9;0.54;0.45;2.3;0.071;16.0;40.0;0.9991;3.39;0.62;9.4;5;0
643;9.5;0.59;0.44;2.3;0.071;21.0;68.0;0.9992;3.46;0.63;9.5;5;0
644;9.9;0.54;0.45;2.3;0.071;16.0;40.0;0.9991;3.39;0.62;9.4;5;0
645;7.8;0.64;0.1;6.0;0.115;5.0;11.0;0.9984;3.37;0.69;10.1;7;1
646;7.3;0.67;0.05;3.6;0.107;6.0;20.0;0.9972;3.4;0.63;10.1;5;0
647;8.3;0.845;0.01;2.2;0.07;5.0;14.0;0.9967;3.32;0.58;11.0;4;0
648;8.7;0.48;0.3;2.8;0.066;10.0;28.0;0.9964;3.33;0.67;11.2;7;1
650;10.7;0.43;0.39;2.2;0.106;8.0;32.0;0.9986;2.89;0.5;9.6;5;0
651;9.8;0.88;0.25;2.5;0.10400000000000001;35.0;155.0;1.001;3.41;0.67;11.2;5;0
652;15.9;0.36;0.65;7.5;0.096;22.0;71.0;0.9976;2.98;0.84;14.9;5;0
654;8.6;0.47;0.47;2.4;0.07400000000000001;7.0;29.0;0.9979;3.08;0.46;9.5;5;0
655;9.7;0.55;0.17;2.9;0.087;20.0;53.0;1.0004;3.14;0.61;9.4;5;0
656;10.7;0.43;0.39;2.2;0.106;8.0;32.0;0.9986;2.89;0.5;9.6;5;0
657;12.0;0.5;0.59;1.4;0.073;23.0;42.0;0.998;2.92;0.68;10.5;7;1
659;7.1;0.84;0.02;4.4;0.096;5.0;13.0;0.997;3.41;0.57;11.0;4;0
661;7.5;0.42;0.31;1.6;0.08;15.0;42.0;0.9978;3.31;0.64;9.0;5;0
664;12.1;0.4;0.52;2.0;0.092;15.0;54.0;1.0;3.03;0.66;10.2;5;0
665;9.4;0.59;0.14;2.0;0.084;25.0;48.0;0.9981;3.14;0.56;9.7;5;0
668;10.0;0.73;0.43;2.3;0.059000000000000004;15.0;31.0;0.9966;3.15;0.57;11.0;5;0
670;6.9;0.4;0.24;2.5;0.083;30.0;45.0;0.9959;3.26;0.58;10.0;5;0
671;8.2;0.73;0.21;1.7;0.07400000000000001;5.0;13.0;0.9968;3.2;0.52;9.5;5;0
672;9.8;1.24;0.34;2.0;0.079;32.0;151.0;0.998;3.15;0.53;9.5;5;0
673;8.2;0.73;0.21;1.7;0.07400000000000001;5.0;13.0;0.9968;3.2;0.52;9.5;5;0
675;9.3;0.41;0.39;2.2;0.064;12.0;31.0;0.9984;3.26;0.65;10.2;5;0
677;8.6;0.8;0.11;2.3;0.084;12.0;31.0;0.9979;3.4;0.48;9.9;5;0
678;8.3;0.78;0.1;2.6;0.081;45.0;87.0;0.9983;3.48;0.53;10.0;5;0
679;10.8;0.26;0.45;3.3;0.06;20.0;49.0;0.9972;3.13;0.54;9.6;5;0
680;13.3;0.43;0.58;1.9;0.07;15.0;40.0;1.0004;3.06;0.49;9.0;5;0
682;8.5;0.46;0.31;2.25;0.078;32.0;58.0;0.998;3.33;0.54;9.8;5;0
683;8.1;0.78;0.23;2.6;0.059000000000000004;5.0;15.0;0.997;3.37;0.56;11.3;5;0
684;9.8;0.98;0.32;2.3;0.078;35.0;152.0;0.998;3.25;0.48;9.4;5;0
685;8.1;0.78;0.23;2.6;0.059000000000000004;5.0;15.0;0.997;3.37;0.56;11.3;5;0
686;7.1;0.65;0.18;1.8;0.07;13.0;40.0;0.997;3.44;0.6;9.1;5;0
687;9.1;0.64;0.23;3.1;0.095;13.0;38.0;0.9998;3.28;0.59;9.7;5;0
688;7.7;0.66;0.04;1.6;0.039;4.0;9.0;0.9962;3.4;0.47;9.4;5;0
689;8.1;0.38;0.48;1.8;0.157;5.0;17.0;0.9976;3.3;1.05;9.4;5;0
691;9.2;0.92;0.24;2.6;0.087;12.0;93.0;0.9998;3.48;0.54;9.8;5;0
692;8.6;0.49;0.51;2.0;0.08294229549778061;16.0;62.0;0.9979;3.03;1.17;9.0;5;0
693;9.0;0.48;0.32;2.8;0.084;21.0;122.0;0.9984;3.32;0.62;9.4;5;0
694;9.0;0.47;0.31;2.7;0.084;24.0;125.0;0.9984;3.31;0.61;9.4;5;0
698;9.4;0.615;0.28;3.2;0.087;18.0;72.0;1.0001;3.31;0.53;9.7;5;0
703;7.5;0.38;0.48;2.6;0.073;22.0;84.0;0.9972;3.32;0.7;9.6;4;0
704;9.1;0.765;0.04;1.6;0.078;4.0;14.0;0.998;3.29;0.54;9.7;4;0
705;8.4;1.035;0.15;6.0;0.073;11.0;54.0;0.9990000000000001;3.37;0.49;9.9;5;0
706;7.0;0.78;0.08;2.0;0.09300000000000001;10.0;19.0;0.9956;3.4;0.47;10.0;5;0
707;7.4;0.49;0.19;3.0;0.077;16.0;37.0;0.9966;3.37;0.51;10.5;5;0
710;10.6;1.025;0.43;2.8;0.08;21.0;84.0;0.9985;3.06;0.57;10.1;5;0
711;8.9;0.565;0.34;3.0;0.09300000000000001;16.0;112.0;0.9998;3.38;0.61;9.5;5;0
712;8.7;0.69;0.0;3.2;0.084;13.0;33.0;0.9992;3.36;0.45;9.4;5;0
713;8.0;0.43;0.36;2.3;0.075;10.0;48.0;0.9976;3.34;0.46;9.4;5;0
714;9.9;0.74;0.28;2.6;0.078;21.0;77.0;0.998;3.28;0.51;9.8;5;0
716;8.0;0.43;0.36;2.3;0.075;10.0;48.0;0.9976;3.34;0.46;9.4;5;0
717;7.6;0.46;0.11;2.6;0.079;12.0;49.0;0.9968;3.21;0.57;10.0;5;0
718;8.4;0.56;0.04;2.0;0.08199999999999999;10.0;22.0;0.9976;3.22;0.44;9.6;5;0
719;7.1;0.66;0.0;3.9;0.086;17.0;45.0;0.9976;3.46;0.54;9.5;5;0
720;8.4;0.56;0.04;2.0;0.08199999999999999;10.0;22.0;0.9976;3.22;0.44;9.6;5;0
721;8.9;0.48;0.24;2.85;0.094;35.0;106.0;0.9982;3.1;0.53;9.2;5;0
722;7.6;0.42;0.08;2.7;0.084;15.0;48.0;0.9968;3.21;0.59;10.0;5;0
723;7.1;0.31;0.3;2.2;0.053;36.0;127.0;0.9965;2.94;0.652495285983658;9.5;5;0
724;7.5;1.115;0.1;3.1;0.086;5.0;12.0;0.9958;3.54;0.6;11.2;4;0
725;9.0;0.66;0.17;3.0;0.077;5.0;13.0;0.9976;3.29;0.55;10.4;5;0
727;6.4;0.57;0.02;1.8;0.067;4.0;11.0;0.997;3.46;0.68;9.5;5;0
728;6.4;0.57;0.02;1.8;0.067;4.0;11.0;0.997;3.46;0.68;9.5;5;0
730;9.5;0.55;0.66;2.3;0.08294229549778061;12.0;37.0;0.9982;3.17;0.67;9.6;5;0
731;8.9;0.875;0.13;3.45;0.08800000000000001;4.0;14.0;0.9994;3.44;0.52;11.5;5;0
732;7.3;0.835;0.03;2.1;0.092;10.0;19.0;0.9966;3.39;0.47;9.6;5;0
733;7.0;0.45;0.34;2.7;0.08199999999999999;16.0;72.0;0.998;3.55;0.6;9.5;5;0
734;7.7;0.56;0.2;2.0;0.075;9.0;39.0;0.9987;3.48;0.62;9.3;5;0
735;7.7;0.965;0.1;2.1;0.11199999999999999;11.0;22.0;0.9963;3.26;0.5;9.5;5;0
736;7.7;0.965;0.1;2.1;0.11199999999999999;11.0;22.0;0.9963;3.26;0.5;9.5;5;0
738;9.0;0.46;0.23;2.8;0.092;28.0;104.0;0.9983;3.1;0.56;9.2;5;0
739;9.0;0.69;0.0;2.4;0.08800000000000001;19.0;38.0;0.9990000000000001;3.35;0.6;9.3;5;0
741;9.2;0.53;0.24;2.6;0.078;28.0;139.0;0.9978799999999999;3.21;0.57;9.5;5;0
742;6.5;0.615;0.0;1.9;0.065;9.0;18.0;0.9972;3.46;0.65;9.2;5;0
743;11.6;0.41;0.58;2.8;0.096;25.0;101.0;1.00024;3.13;0.53;10.0;5;0
744;11.1;0.39;0.54;2.7;0.095;21.0;101.0;1.0001;3.13;0.51;9.5;5;0
747;8.6;0.33;0.4;2.6;0.083;16.0;68.0;0.99782;3.3;0.48;9.4;5;0
750;8.3;0.65;0.1;2.9;0.08900000000000001;17.0;40.0;0.99803;3.29;0.55;9.5;5;0
751;8.3;0.65;0.1;2.9;0.08900000000000001;17.0;40.0;0.99803;3.29;0.55;9.5;5;0
752;7.6;0.54;0.13;2.5;0.09699999999999999;24.0;66.0;0.99785;3.39;0.61;9.4;5;0
753;8.3;0.65;0.1;2.9;0.08900000000000001;17.0;40.0;0.99803;3.29;0.55;9.5;5;0
757;8.1;0.87;0.0;2.2;0.084;10.0;31.0;0.99656;3.25;0.5;9.8;5;0
758;8.1;0.87;0.0;2.2;0.084;10.0;31.0;0.99656;3.25;0.5;9.8;5;0
759;8.8;0.42;0.21;2.5;0.092;33.0;88.0;0.99823;3.19;0.52;9.2;5;0
760;9.0;0.58;0.25;2.8;0.075;9.0;104.0;0.99779;3.23;0.57;9.7;5;0
761;9.3;0.655;0.26;2.0;0.096;5.0;35.0;0.9973799999999999;3.25;0.42;9.6;5;0
763;9.3;0.655;0.26;2.0;0.096;5.0;35.0;0.9973799999999999;3.25;0.42;9.6;5;0
766;8.8;0.59;0.18;2.9;0.08900000000000001;12.0;74.0;0.9973799999999999;3.14;0.54;9.4;5;0
767;7.5;0.6;0.32;2.7;0.10300000000000001;13.0;98.0;0.9993799999999999;3.45;0.62;9.5;5;0
769;7.9;0.72;0.01;1.9;0.076;7.0;32.0;0.9966799999999999;3.39;0.54;9.6;5;0
771;9.4;0.685;0.26;2.4;0.08199999999999999;23.0;143.0;0.9978;3.28;0.55;9.4;5;0
772;9.5;0.57;0.27;2.3;0.08199999999999999;23.0;144.0;0.99782;3.27;0.55;9.4;5;0
775;7.2;1.0;0.0;3.0;0.102;7.0;16.0;0.9958600000000001;3.43;0.46;10.0;5;0
778;8.3;0.43;0.3;3.4;0.079;7.0;34.0;0.9978799999999999;3.36;0.61;10.5;5;0
779;7.1;0.52;0.03;2.6;0.076;21.0;92.0;0.99745;3.5;0.6;9.8;5;0
781;6.5;0.46;0.14;2.4;0.114;9.0;37.0;0.9973200000000001;3.66;0.65;9.8;5;0
782;9.0;0.82;0.05;2.4;0.081;26.0;96.0;0.9981399999999999;3.36;0.53;10.0;5;0
783;6.5;0.46;0.14;2.4;0.114;9.0;37.0;0.9973200000000001;3.66;0.65;9.8;5;0
784;7.1;0.59;0.01;2.5;0.077;20.0;85.0;0.99746;3.55;0.59;9.8;5;0
785;9.9;0.35;0.41;2.3;0.083;11.0;61.0;0.9982;3.21;0.5;9.5;5;0
786;9.9;0.35;0.41;2.3;0.083;11.0;61.0;0.9982;3.21;0.5;9.5;5;0
789;8.6;0.63;0.17;2.9;0.099;21.0;119.0;0.998;3.09;0.52;9.3;5;0
791;8.8;0.64;0.17;2.9;0.084;25.0;130.0;0.99818;3.23;0.54;9.6;5;0
793;7.7;0.6;0.0;2.6;0.055;7.0;13.0;0.99639;3.38;0.56;10.8;5;0
795;10.8;0.89;0.3;2.6;0.132;7.0;60.0;0.9978600000000001;2.99;1.18;10.2;5;0
796;8.7;0.46;0.31;2.5;0.126;24.0;64.0;0.99746;3.1;0.74;9.6;5;0
797;9.3;0.37;0.44;1.6;0.038;21.0;42.0;0.99526;3.24;0.81;10.8;7;1
800;7.2;0.61;0.08;4.0;0.08199999999999999;26.0;108.0;0.99641;3.25;0.51;9.4;5;0
801;8.6;0.55;0.09;3.3;0.068;8.0;17.0;0.99735;3.23;0.44;10.0;5;0
802;5.1;0.585;0.0;1.7;0.044000000000000004;14.0;86.0;0.99264;3.56;0.94;12.9;7;1
805;8.2;0.28;0.4;2.4;0.052000000000000005;4.0;10.0;0.99356;3.33;0.7;12.8;7;1
806;8.4;0.25;0.39;2.0;0.040999999999999995;4.0;10.0;0.9938600000000001;3.27;0.71;12.5;7;1
807;8.2;0.28;0.4;2.4;0.052000000000000005;4.0;10.0;0.99356;3.33;0.7;12.8;7;1
808;7.4;0.53;0.12;1.9;0.165;4.0;12.0;0.99702;3.26;0.86;9.2;5;0
810;7.3;0.49;0.1;2.6;0.068;4.0;14.0;0.9956200000000001;3.3;0.47;10.5;5;0
812;10.8;0.45;0.33;2.5;0.099;20.0;38.0;0.99818;3.24;0.71;10.8;5;0
813;6.9;0.39;0.24;2.1;0.102;4.0;7.0;0.9946200000000001;3.44;0.58;11.4;4;0
815;10.8;0.45;0.33;2.5;0.099;20.0;38.0;0.99818;3.24;0.71;10.8;5;0
818;7.1;0.715;0.0;2.35;0.071;21.0;47.0;0.9963200000000001;3.29;0.45;9.4;5;0
819;9.1;0.66;0.15;3.2;0.09699999999999999;9.0;59.0;0.99976;3.28;0.54;9.6;5;0
820;7.0;0.685;0.0;1.9;0.099;9.0;22.0;0.9960600000000001;3.34;0.6;9.7;5;0
821;4.9;0.42;0.0;2.1;0.048;16.0;42.0;0.99154;3.71;0.74;14.0;7;1
822;6.7;0.54;0.13;2.0;0.076;15.0;36.0;0.9973;3.61;0.64;9.8;5;0
823;6.7;0.54;0.13;2.0;0.076;15.0;36.0;0.9973;3.61;0.64;9.8;5;0
824;7.1;0.48;0.28;2.8;0.068;6.0;16.0;0.99682;3.24;0.53;10.3;5;0
825;7.1;0.46;0.14;2.8;0.076;15.0;37.0;0.99624;3.36;0.49;10.7;5;0
826;7.5;0.27;0.34;2.3;0.05;4.0;8.0;0.9951;3.4;0.64;11.0;7;1
827;7.1;0.46;0.14;2.8;0.076;15.0;37.0;0.99624;3.36;0.49;10.7;5;0
828;7.8;0.57;0.09;2.3;0.065;34.0;45.0;0.9941700000000001;3.46;0.74;12.7;8;1
830;7.5;0.685;0.07;2.5;0.057999999999999996;5.0;9.0;0.9963200000000001;3.38;0.55;10.9;4;0
833;11.6;0.47;0.44;1.6;0.147;36.0;51.0;0.99836;3.38;0.86;9.9;4;0
834;8.8;0.685;0.26;1.6;0.08800000000000001;16.0;23.0;0.9969399999999999;3.32;0.47;9.4;5;0
835;7.6;0.665;0.1;1.5;0.066;27.0;55.0;0.99655;3.39;0.51;9.3;5;0
836;6.7;0.28;0.28;2.4;0.012;36.0;100.0;0.99064;3.26;0.39;11.7;7;1
837;6.7;0.28;0.28;2.4;0.012;36.0;100.0;0.99064;3.26;0.39;11.7;7;1
838;10.1;0.31;0.35;1.6;0.075;9.0;28.0;0.99672;3.24;0.83;11.2;7;1
839;6.0;0.5;0.04;2.2;0.092;13.0;26.0;0.9964700000000001;3.46;0.47;10.0;5;0
840;11.1;0.42;0.47;2.65;0.085;9.0;34.0;0.99736;3.24;0.77;12.1;7;1
841;6.6;0.66;0.0;3.0;0.115;21.0;31.0;0.99629;3.45;0.63;10.3;5;0
843;7.1;0.685;0.35;2.0;0.08800000000000001;9.0;92.0;0.9963;3.28;0.62;9.4;5;0
845;6.4;0.64;0.21;1.8;0.081;14.0;31.0;0.9968899999999999;3.59;0.66;9.8;5;0
846;6.4;0.64;0.21;1.8;0.081;14.0;31.0;0.9968899999999999;3.59;0.66;9.8;5;0
848;6.4;0.64;0.21;1.8;0.081;14.0;31.0;0.9968899999999999;3.59;0.66;9.8;5;0
849;6.4;0.63;0.21;1.6;0.08;12.0;32.0;0.9968899999999999;3.58;0.66;9.8;5;0
850;9.3;0.43;0.44;1.9;0.085;9.0;22.0;0.99708;3.28;0.55;9.5;5;0
851;9.3;0.43;0.44;1.9;0.085;9.0;22.0;0.99708;3.28;0.55;9.5;5;0
852;8.0;0.42;0.32;2.5;0.08;26.0;122.0;0.9980100000000001;3.22;1.07;9.7;5;0
855;7.6;0.735;0.02;2.5;0.071;10.0;14.0;0.9953799999999999;3.51;0.71;11.7;7;1
857;8.2;0.26;0.34;2.5;0.073;16.0;47.0;0.9959399999999999;3.4;0.78;11.3;7;1
858;11.7;0.28;0.47;1.7;0.054000000000000006;17.0;32.0;0.9968600000000001;3.15;0.67;10.6;7;1
860;7.2;0.62;0.06;2.7;0.077;15.0;85.0;0.99746;3.51;0.54;9.5;5;0
862;7.5;0.42;0.32;2.7;0.067;7.0;25.0;0.9962799999999999;3.24;0.44;10.4;5;0
863;7.2;0.62;0.06;2.5;0.078;17.0;84.0;0.99746;3.51;0.53;9.7;5;0
864;7.2;0.62;0.06;2.7;0.077;15.0;85.0;0.99746;3.51;0.54;9.5;5;0
865;7.2;0.635;0.07;2.6;0.077;16.0;86.0;0.9974799999999999;3.51;0.54;9.7;5;0
871;6.9;0.56;0.03;1.5;0.086;36.0;46.0;0.9952200000000001;3.53;0.57;10.6;5;0
872;7.3;0.35;0.24;2.0;0.067;28.0;48.0;0.9957600000000001;3.43;0.54;10.0;4;0
873;9.1;0.21;0.37;1.6;0.067;6.0;10.0;0.9955200000000001;3.23;0.58;11.1;7;1
874;10.4;0.38;0.46;2.1;0.10400000000000001;6.0;10.0;0.99664;3.12;0.65;11.8;7;1
875;8.8;0.31;0.4;2.8;0.109;7.0;16.0;0.9961399999999999;3.31;0.79;11.8;7;1
876;7.1;0.47;0.0;2.2;0.067;7.0;14.0;0.9951700000000001;3.4;0.58;10.9;4;0
879;7.2;0.6;0.04;2.5;0.076;18.0;88.0;0.99745;3.53;0.55;9.5;5;0
880;9.2;0.56;0.18;1.6;0.078;10.0;21.0;0.9957600000000001;3.15;0.49;9.9;5;0
883;7.2;0.6;0.04;2.5;0.076;18.0;88.0;0.99745;3.53;0.55;9.5;5;0
885;8.9;0.75;0.14;2.5;0.086;9.0;30.0;0.99824;3.34;0.64;10.5;5;0
887;10.7;0.52;0.38;2.6;0.066;29.0;56.0;0.99577;3.15;0.79;12.1;7;1
889;10.7;0.9;0.34;6.6;0.11199999999999999;23.0;99.0;1.00289;3.22;0.68;9.3;5;0
890;7.2;0.34;0.24;2.0;0.071;30.0;52.0;0.9957600000000001;3.44;0.58;10.1;5;0
891;7.2;0.66;0.03;2.3;0.078;16.0;86.0;0.9974299999999999;3.53;0.57;9.7;5;0
893;7.2;0.66;0.03;2.3;0.078;16.0;86.0;0.9974299999999999;3.53;0.57;9.7;5;0
896;8.3;0.31;0.39;2.4;0.078;17.0;43.0;0.99444;3.31;0.77;12.5;7;1
898;8.3;0.31;0.39;2.4;0.078;17.0;43.0;0.99444;3.31;0.77;12.5;7;1
900;8.9;0.31;0.36;2.6;0.055999999999999994;10.0;39.0;0.9956200000000001;3.4;0.69;11.8;5;0
901;7.4;0.635;0.1;2.4;0.08;16.0;33.0;0.99736;3.58;0.69;10.8;7;1
902;7.4;0.635;0.1;2.4;0.08;16.0;33.0;0.99736;3.58;0.69;10.8;7;1
903;6.8;0.59;0.06;6.0;0.06;11.0;18.0;0.9962;3.41;0.59;10.8;7;1
904;6.8;0.59;0.06;6.0;0.06;11.0;18.0;0.9962;3.41;0.59;10.8;7;1
905;9.2;0.58;0.2;3.0;0.081;15.0;115.0;0.998;3.23;0.59;9.5;5;0
906;7.2;0.54;0.27;2.6;0.084;12.0;78.0;0.9964;3.39;0.71;11.0;5;0
913;9.4;0.395;0.46;4.6;0.094;3.0;10.0;0.99639;3.27;0.64;12.2;7;1
916;5.3;0.715;0.19;1.5;0.161;7.0;62.0;0.99395;3.62;0.61;11.0;5;0
920;9.6;0.41;0.37;2.3;0.091;10.0;23.0;0.9978600000000001;3.24;0.56;10.5;5;0
924;8.6;0.47;0.27;2.3;0.055;14.0;28.0;0.99516;3.18;0.8;11.2;5;0
925;8.6;0.22;0.36;1.9;0.064;53.0;77.0;0.9960399999999999;3.47;0.87;11.0;7;1
927;8.4;0.67;0.19;2.2;0.09300000000000001;11.0;75.0;0.99736;3.2;0.59;9.2;4;0
928;8.6;0.47;0.27;2.3;0.055;14.0;28.0;0.99516;3.18;0.8;11.2;5;0
929;8.7;0.33;0.38;3.3;0.063;10.0;19.0;0.9946799999999999;3.3;0.73;12.0;7;1
930;6.6;0.61;0.01;1.9;0.08;8.0;25.0;0.99746;3.69;0.73;10.5;5;0
931;7.4;0.61;0.01;2.0;0.07400000000000001;13.0;38.0;0.9974799999999999;3.48;0.65;9.8;5;0
933;7.4;0.61;0.01;2.0;0.07400000000000001;13.0;38.0;0.9974799999999999;3.48;0.65;9.8;5;0
934;6.6;0.61;0.01;1.9;0.08;8.0;25.0;0.99746;3.69;0.73;10.5;5;0
937;12.0;0.63;0.5;1.4;0.071;6.0;26.0;0.9979100000000001;3.07;0.6;10.4;4;0
938;7.2;0.38;0.38;2.8;0.068;23.0;42.0;0.99356;3.34;0.72;12.9;7;1
939;6.2;0.46;0.17;1.6;0.073;7.0;11.0;0.99425;3.61;0.54;11.4;5;0
940;9.6;0.33;0.52;2.2;0.07400000000000001;13.0;25.0;0.9950899999999999;3.36;0.76;12.4;7;1
941;9.9;0.27;0.49;5.0;0.08199999999999999;9.0;17.0;0.99484;3.19;0.52;12.5;7;1
942;10.1;0.43;0.4;2.6;0.092;13.0;52.0;0.99834;3.22;0.64;10.0;7;1
943;9.8;0.5;0.34;2.3;0.094;10.0;45.0;0.99864;3.24;0.6;9.7;7;1
944;8.3;0.3;0.49;3.8;0.09;11.0;24.0;0.99498;3.27;0.64;12.1;7;1
945;10.2;0.44;0.42;2.0;0.071;7.0;20.0;0.99566;3.14;0.79;11.1;7;1
946;10.2;0.44;0.58;4.1;0.092;11.0;24.0;0.99745;3.29;0.99;12.0;7;1
947;8.3;0.28;0.48;2.1;0.09300000000000001;6.0;12.0;0.99408;3.26;0.62;12.4;7;1
948;8.9;0.12;0.45;1.8;0.075;10.0;21.0;0.9955200000000001;3.41;0.76;11.9;7;1
949;8.9;0.12;0.45;1.8;0.075;10.0;21.0;0.9955200000000001;3.41;0.76;11.9;7;1
950;8.9;0.12;0.45;1.8;0.075;10.0;21.0;0.9955200000000001;3.41;0.76;11.9;7;1
951;8.3;0.28;0.48;2.1;0.09300000000000001;6.0;12.0;0.99408;3.26;0.62;12.4;7;1
952;8.2;0.31;0.4;2.2;0.057999999999999996;6.0;10.0;0.99536;3.31;0.68;11.2;7;1
953;10.2;0.34;0.48;2.1;0.052000000000000005;5.0;9.0;0.9945799999999999;3.2;0.69;12.1;7;1
955;8.5;0.21;0.52;1.9;0.09;9.0;23.0;0.9964799999999999;3.36;0.67;10.4;5;0
958;6.4;0.57;0.12;2.3;0.12;25.0;36.0;0.99519;3.47;0.71;11.3;7;1
959;8.0;0.59;0.05;2.0;0.08900000000000001;12.0;32.0;0.99735;3.36;0.61;10.0;5;0
961;7.1;0.56;0.14;1.6;0.078;7.0;18.0;0.99592;3.27;0.62;9.3;5;0
962;6.6;0.57;0.02;2.1;0.115;6.0;16.0;0.99654;3.38;0.69;9.5;5;0
966;9.0;0.38;0.41;2.4;0.10300000000000001;6.0;10.0;0.9960399999999999;3.13;0.58;11.9;7;1
967;8.5;0.66;0.2;2.1;0.09699999999999999;23.0;113.0;0.9973299999999999;3.13;0.48;9.2;5;0
969;6.7;0.56;0.09;2.9;0.079;7.0;22.0;0.99669;3.46;0.61;10.2;5;0
972;10.1;0.38;0.5;2.4;0.10400000000000001;6.0;13.0;0.9964299999999999;3.22;0.65;11.6;7;1
973;8.5;0.34;0.44;1.7;0.079;6.0;12.0;0.99605;3.52;0.63;10.7;5;0
974;8.8;0.33;0.41;5.9;0.073;7.0;13.0;0.9965799999999999;3.3;0.62;12.1;7;1
975;7.2;0.41;0.3;2.1;0.083;35.0;72.0;0.997;3.44;0.52;9.4;5;0
976;7.2;0.41;0.3;2.1;0.083;35.0;72.0;0.997;3.44;0.52;9.4;5;0
977;8.4;0.59;0.29;2.6;0.109;31.0;119.0;0.9980100000000001;3.15;0.5;9.1;5;0
978;7.0;0.4;0.32;3.6;0.061;9.0;29.0;0.99416;3.28;0.49;11.3;7;1
979;12.2;0.45;0.49;1.4;0.075;3.0;6.0;0.9969;3.13;0.63;10.4;5;0
981;9.5;0.86;0.26;1.9;0.079;13.0;28.0;0.9971200000000001;3.25;0.62;10.0;5;0
984;12.2;0.45;0.49;1.4;0.075;3.0;6.0;0.9969;3.13;0.63;10.4;5;0
986;9.8;0.34;0.39;1.4;0.066;3.0;7.0;0.9947;3.19;0.55;11.4;7;1
987;7.1;0.36;0.3;1.6;0.08;35.0;70.0;0.9969299999999999;3.44;0.5;9.4;5;0
988;7.7;0.39;0.12;1.7;0.09699999999999999;19.0;27.0;0.9959600000000001;3.16;0.49;9.4;5;0
990;7.7;0.39;0.12;1.7;0.09699999999999999;19.0;27.0;0.9959600000000001;3.16;0.49;9.4;5;0
991;7.1;0.34;0.28;2.0;0.08199999999999999;31.0;68.0;0.9969399999999999;3.45;0.48;9.4;5;0
993;7.1;0.34;0.28;2.0;0.08199999999999999;31.0;68.0;0.9969399999999999;3.45;0.48;9.4;5;0
994;10.0;0.35;0.45;2.5;0.092;20.0;88.0;0.99918;3.15;0.43;9.4;5;0
996;5.6;0.66;0.0;2.2;0.087;3.0;11.0;0.9937799999999999;3.71;0.63;12.8;7;1
997;5.6;0.66;0.0;2.2;0.087;3.0;11.0;0.9937799999999999;3.71;0.63;12.8;7;1
1000;7.5;0.43;0.3;2.2;0.062;6.0;12.0;0.99495;3.44;0.72;11.5;7;1
1001;9.9;0.35;0.38;1.5;0.057999999999999996;31.0;47.0;0.9967600000000001;3.26;0.82;10.6;7;1
1002;9.1;0.29;0.33;2.05;0.063;13.0;27.0;0.99516;3.26;0.84;11.7;7;1
1003;6.8;0.36;0.32;1.8;0.067;4.0;8.0;0.9928;3.36;0.55;12.8;7;1
1004;8.2;0.43;0.29;1.6;0.081;27.0;45.0;0.99603;3.25;0.54;10.3;5;0
1005;6.8;0.36;0.32;1.8;0.067;4.0;8.0;0.9928;3.36;0.55;12.8;7;1
1006;9.1;0.29;0.33;2.05;0.063;13.0;27.0;0.99516;3.26;0.84;11.7;7;1
1007;9.1;0.3;0.34;2.0;0.064;12.0;25.0;0.99516;3.26;0.84;11.7;7;1
1008;8.9;0.35;0.4;3.6;0.11;12.0;24.0;0.99549;3.23;0.7;12.0;7;1
1009;9.6;0.5;0.36;2.8;0.11599999999999999;26.0;55.0;0.9972200000000001;3.18;0.68;10.9;5;0
1010;8.9;0.28;0.45;1.7;0.067;7.0;12.0;0.99354;3.25;0.55;12.3;7;1
1012;7.7;1.005;0.15;2.1;0.102;11.0;32.0;0.9960399999999999;3.23;0.48;10.0;5;0
1016;8.9;0.38;0.4;2.2;0.068;12.0;28.0;0.9948600000000001;3.27;0.75;12.6;7;1
1019;7.0;0.5;0.14;1.8;0.078;10.0;23.0;0.99636;3.53;0.61;10.4;5;0
1022;7.0;0.51;0.09;2.1;0.062;4.0;9.0;0.99584;3.35;0.54;10.5;5;0
1024;7.7;0.58;0.01;1.8;0.08800000000000001;12.0;18.0;0.9956799999999999;3.32;0.56;10.5;7;1
1027;6.4;0.795;0.0;2.2;0.065;28.0;52.0;0.9937799999999999;3.49;0.52;11.6;5;0
1029;7.7;0.58;0.01;1.8;0.08800000000000001;12.0;18.0;0.9956799999999999;3.32;0.56;10.5;7;1
1030;7.1;0.59;0.0;2.1;0.091;9.0;14.0;0.9948799999999999;3.42;0.55;11.5;7;1
1031;7.3;0.55;0.01;1.8;0.09300000000000001;9.0;15.0;0.9951399999999999;3.35;0.58;11.0;7;1
1032;8.1;0.82;0.0;4.1;0.095;5.0;14.0;0.99854;3.36;0.53;9.6;5;0
1035;10.1;0.37;0.34;2.4;0.085;5.0;17.0;0.9968299999999999;3.17;0.65;10.6;7;1
1036;7.6;0.31;0.34;2.5;0.08199999999999999;26.0;35.0;0.99356;3.22;0.59;12.5;7;1
1037;7.3;0.91;0.1;1.8;0.07400000000000001;20.0;56.0;0.99672;3.35;0.56;9.2;5;0
1038;8.7;0.41;0.41;6.2;0.078;25.0;42.0;0.9953;3.24;0.77;12.6;7;1
1040;7.4;0.965;0.0;2.2;0.08800000000000001;16.0;32.0;0.99756;3.58;0.67;10.2;5;0
1043;9.5;0.39;0.41;8.9;0.069;18.0;39.0;0.99859;3.29;0.81;10.9;7;1
1047;7.1;0.43;0.17;1.8;0.08199999999999999;27.0;51.0;0.99634;3.49;0.64;10.4;5;0
1050;7.1;0.43;0.17;1.8;0.08199999999999999;27.0;51.0;0.99634;3.49;0.64;10.4;5;0
1051;8.5;0.46;0.59;1.4;0.08294229549778061;16.0;45.0;0.99702;3.03;1.34;9.2;5;0
1052;5.6;0.605;0.05;2.4;0.073;19.0;25.0;0.9925799999999999;3.56;0.55;12.9;5;0
1053;8.3;0.33;0.42;2.3;0.07;9.0;20.0;0.99426;3.38;0.77;12.7;7;1
1056;8.9;0.48;0.53;4.0;0.10099999999999999;3.0;10.0;0.9958600000000001;3.21;0.59;12.1;7;1
1057;7.6;0.42;0.25;3.9;0.10400000000000001;28.0;90.0;0.99784;3.15;0.57;9.1;5;0
1058;9.9;0.53;0.57;2.4;0.09300000000000001;30.0;52.0;0.9971;3.19;0.76;11.6;7;1
1059;8.9;0.48;0.53;4.0;0.10099999999999999;3.0;10.0;0.9958600000000001;3.21;0.59;12.1;7;1
1061;9.1;0.4;0.5;1.8;0.071;7.0;16.0;0.9946200000000001;3.21;0.69;12.5;8;1
1066;6.6;0.52;0.08;2.4;0.07;13.0;26.0;0.9935799999999999;3.4;0.72;12.5;7;1
1067;11.1;0.31;0.53;2.2;0.06;3.0;10.0;0.99572;3.02;0.83;10.9;7;1
1068;11.1;0.31;0.53;2.2;0.06;3.0;10.0;0.99572;3.02;0.83;10.9;7;1
1069;8.0;0.62;0.35;2.8;0.086;28.0;52.0;0.997;3.31;0.62;10.8;5;0
1070;9.3;0.33;0.45;1.5;0.057;19.0;37.0;0.99498;3.18;0.89;11.1;7;1
1071;7.5;0.77;0.2;8.1;0.098;30.0;92.0;0.99892;3.2;0.58;9.2;5;0
1074;7.5;0.77;0.2;8.1;0.098;30.0;92.0;0.99892;3.2;0.58;9.2;5;0
1075;9.1;0.25;0.34;2.0;0.071;45.0;67.0;0.99769;3.44;0.86;10.2;7;1
1077;8.6;0.37;0.65;6.4;0.08;3.0;8.0;0.9981700000000001;3.27;0.58;11.0;5;0
1078;8.6;0.37;0.65;6.4;0.08;3.0;8.0;0.9981700000000001;3.27;0.58;11.0;5;0
1079;7.9;0.3;0.68;8.3;0.05;37.5;46.170945522855355;0.99316;3.01;0.51;12.3;7;1
1081;7.9;0.3;0.68;8.3;0.05;37.5;46.170945522855355;0.99316;3.01;0.51;12.3;7;1
1085;6.8;0.48;0.08;1.8;0.07400000000000001;40.0;64.0;0.99529;3.12;0.49;9.6;5;0
1086;8.5;0.34;0.4;4.7;0.055;3.0;9.0;0.9973799999999999;3.38;0.66;11.6;7;1
1088;11.6;0.41;0.54;1.5;0.095;22.0;41.0;0.99735;3.02;0.76;9.9;7;1
1089;11.6;0.41;0.54;1.5;0.095;22.0;41.0;0.99735;3.02;0.76;9.9;7;1
1090;10.0;0.26;0.54;1.9;0.083;42.0;74.0;0.99451;2.98;0.63;11.8;8;1
1093;9.2;0.31;0.36;2.2;0.079;11.0;31.0;0.99615;3.33;0.86;12.0;7;1
1095;9.4;0.4;0.47;2.5;0.087;6.0;20.0;0.99772;3.15;0.5;10.5;5;0
1097;8.6;0.52;0.38;1.5;0.096;5.0;18.0;0.99666;3.2;0.52;9.4;5;0
1098;8.0;0.31;0.45;2.1;0.21600000000000003;5.0;16.0;0.9935799999999999;3.15;0.81;12.5;7;1
1099;8.6;0.52;0.38;1.5;0.096;5.0;18.0;0.99666;3.2;0.52;9.4;5;0
1105;6.3;0.57;0.28;2.1;0.048;13.0;49.0;0.99374;3.41;0.6;12.8;5;0
1107;9.1;0.3;0.41;2.0;0.068;10.0;24.0;0.99523;3.27;0.85;11.7;7;1
1108;8.1;0.78;0.1;3.3;0.09;4.0;13.0;0.99855;3.36;0.49;9.5;5;0
1111;5.4;0.42;0.27;2.0;0.092;23.0;55.0;0.99471;3.78;0.64;12.3;7;1
1119;5.6;0.66;0.0;2.5;0.066;7.0;15.0;0.99256;3.52;0.58;12.9;5;0
1120;7.9;0.54;0.34;2.5;0.076;8.0;17.0;0.99235;3.2;0.72;13.1;8;1
1124;6.5;0.58;0.0;2.2;0.096;3.0;13.0;0.9955700000000001;3.62;0.62;11.5;4;0
1125;8.8;0.24;0.35;1.7;0.055;13.0;27.0;0.9939399999999999;3.14;0.59;11.3;7;1
1128;10.0;0.43;0.33;2.7;0.095;28.0;89.0;0.9984;3.22;0.68;10.0;5;0
1131;5.9;0.19;0.21;1.7;0.045;57.0;135.0;0.99341;3.32;0.44;9.5;5;0
1132;7.4;0.36;0.34;1.8;0.075;18.0;38.0;0.9933;3.38;0.88;13.6;7;1
1133;7.2;0.48;0.07;5.5;0.08900000000000001;10.0;18.0;0.99684;3.37;0.68;11.2;7;1
1134;8.5;0.28;0.35;1.7;0.061;6.0;15.0;0.99524;3.3;0.74;11.8;7;1
1138;7.5;0.41;0.15;3.7;0.10400000000000001;29.0;94.0;0.9978600000000001;3.14;0.58;9.1;5;0
1144;7.3;0.32;0.23;2.3;0.066;35.0;70.0;0.9958799999999999;3.43;0.62;10.1;5;0
1147;10.0;0.41;0.45;6.2;0.071;6.0;14.0;0.99702;3.21;0.49;11.8;7;1
1150;8.2;0.33;0.32;2.8;0.067;4.0;12.0;0.9947299999999999;3.3;0.76;12.8;7;1
1152;8.3;0.6;0.25;2.2;0.11800000000000001;9.0;38.0;0.99616;3.15;0.53;9.8;5;0
1155;8.3;0.6;0.25;2.2;0.11800000000000001;9.0;38.0;0.99616;3.15;0.53;9.8;5;0
1156;8.5;0.18;0.51;1.75;0.071;45.0;88.0;0.99524;3.33;0.76;11.8;7;1
1157;5.1;0.51;0.18;2.1;0.042;16.0;101.0;0.9924;3.46;0.87;12.9;7;1
1159;10.2;0.41;0.43;2.2;0.11;11.0;37.0;0.9972799999999999;3.16;0.67;10.8;5;0
1160;10.6;0.36;0.57;2.3;0.087;6.0;20.0;0.9967600000000001;3.14;0.72;11.1;7;1
1162;8.5;0.32;0.42;2.3;0.075;12.0;19.0;0.99434;3.14;0.71;11.8;7;1
1163;9.0;0.785;0.24;1.7;0.078;10.0;21.0;0.99692;3.29;0.67;10.0;5;0
1164;9.0;0.785;0.24;1.7;0.078;10.0;21.0;0.99692;3.29;0.67;10.0;5;0
1165;8.5;0.44;0.5;1.9;0.08294229549778061;15.0;38.0;0.99634;3.01;1.1;9.4;5;0
1166;9.9;0.54;0.26;2.0;0.111;7.0;60.0;0.9970899999999999;2.94;0.98;10.2;5;0
1167;8.2;0.33;0.39;2.5;0.07400000000000001;29.0;48.0;0.9952799999999999;3.32;0.88;12.4;7;1
1176;6.5;0.88;0.03;5.6;0.079;23.0;47.0;0.99572;3.58;0.5;11.2;4;0
1177;7.1;0.66;0.0;2.4;0.052000000000000005;6.0;11.0;0.99318;3.35;0.66;12.7;7;1
1178;5.6;0.915;0.0;2.1;0.040999999999999995;17.0;78.0;0.99346;3.68;0.73;11.4;5;0
1181;9.8;0.39;0.43;1.65;0.068;5.0;11.0;0.9947799999999999;3.19;0.46;11.4;5;0
1183;6.8;0.66;0.07;1.6;0.07;16.0;61.0;0.99572;3.29;0.6;9.3;5;0
1184;6.7;0.64;0.23;2.1;0.08;11.0;119.0;0.9953799999999999;3.36;0.7;10.9;5;0
1186;6.6;0.8;0.03;7.8;0.079;6.0;12.0;0.9963;3.52;0.5;12.2;5;0
1188;6.7;0.64;0.23;2.1;0.08;11.0;119.0;0.9953799999999999;3.36;0.7;10.9;5;0
1189;8.8;0.955;0.05;1.8;0.075;5.0;19.0;0.99616;3.3;0.44;9.6;4;0
1191;6.5;0.885;0.0;2.3;0.166;6.0;12.0;0.99551;3.56;0.51;10.8;5;0
1192;7.2;0.25;0.37;2.5;0.063;11.0;41.0;0.99439;3.52;0.8;12.4;7;1
1193;6.4;0.885;0.0;2.3;0.166;6.0;12.0;0.99551;3.56;0.51;10.8;5;0
1201;7.9;0.34;0.36;1.9;0.065;5.0;10.0;0.99419;3.27;0.54;11.2;7;1
1202;8.6;0.42;0.39;1.8;0.068;6.0;12.0;0.99516;3.35;0.69;11.7;8;1
1203;9.9;0.74;0.19;5.8;0.111;33.0;76.0;0.9987799999999999;3.14;0.55;9.4;5;0
1204;7.2;0.36;0.46;2.1;0.07400000000000001;24.0;44.0;0.99534;3.4;0.85;11.0;7;1
1205;7.2;0.36;0.46;2.1;0.07400000000000001;24.0;44.0;0.99534;3.4;0.85;11.0;7;1
1206;7.2;0.36;0.46;2.1;0.07400000000000001;24.0;44.0;0.99534;3.4;0.85;11.0;7;1
1207;9.9;0.72;0.55;1.7;0.136;24.0;52.0;0.9975200000000001;3.35;0.94;10.0;5;0
1208;7.2;0.36;0.46;2.1;0.07400000000000001;24.0;44.0;0.99534;3.4;0.85;11.0;7;1
1209;6.2;0.39;0.43;2.0;0.071;14.0;24.0;0.9942799999999999;3.45;0.87;11.2;7;1
1211;6.6;0.44;0.15;2.1;0.076;22.0;53.0;0.9957;3.32;0.62;9.3;5;0
1225;9.2;0.46;0.23;2.6;0.091;18.0;77.0;0.9992200000000001;3.15;0.51;9.4;5;0
1226;7.5;0.58;0.03;4.1;0.08;27.0;46.0;0.99592;3.02;0.47;9.2;5;0
1227;9.0;0.58;0.25;2.0;0.10400000000000001;8.0;21.0;0.99769;3.27;0.72;9.6;5;0
1228;5.1;0.42;0.0;1.8;0.044000000000000004;18.0;88.0;0.9915700000000001;3.68;0.73;13.6;7;1
1229;7.6;0.43;0.29;2.1;0.075;19.0;66.0;0.99718;3.4;0.64;9.5;5;0
1231;7.8;0.815;0.01;2.6;0.07400000000000001;48.0;90.0;0.99621;3.38;0.62;10.8;5;0
1232;7.6;0.43;0.29;2.1;0.075;19.0;66.0;0.99718;3.4;0.64;9.5;5;0
1233;10.2;0.23;0.37;2.2;0.057;14.0;36.0;0.9961399999999999;3.23;0.49;9.3;4;0
1235;6.0;0.33;0.32;2.463948362720403;0.054000000000000006;6.0;113.0;0.99572;3.3;0.56;11.5;4;0
1238;8.1;0.73;0.0;2.5;0.081;12.0;24.0;0.99798;3.38;0.46;9.6;4;0
1239;6.5;0.67;0.0;4.3;0.057;11.0;20.0;0.9948799999999999;3.45;0.56;11.8;4;0
1240;7.5;0.61;0.2;1.7;0.076;36.0;60.0;0.9949399999999999;3.1;0.4;9.3;5;0
1241;9.8;0.37;0.39;2.5;0.079;28.0;65.0;0.99729;3.16;0.59;9.8;5;0
1243;8.3;0.56;0.22;2.4;0.08199999999999999;10.0;86.0;0.9983;3.37;0.62;9.5;5;0
1245;7.4;0.55;0.19;1.8;0.08199999999999999;15.0;34.0;0.99655;3.49;0.68;10.5;5;0
1246;7.4;0.74;0.07;1.7;0.086;15.0;48.0;0.9950200000000001;3.12;0.48;10.0;5;0
1247;7.4;0.55;0.19;1.8;0.08199999999999999;15.0;34.0;0.99655;3.49;0.68;10.5;5;0
1251;7.5;0.58;0.14;2.2;0.077;27.0;60.0;0.9963;3.28;0.59;9.8;5;0
1252;7.1;0.72;0.0;1.8;0.12300000000000001;6.0;14.0;0.9962700000000001;3.45;0.58;9.8;5;0
1253;7.9;0.66;0.0;1.4;0.096;6.0;13.0;0.99569;3.43;0.58;9.5;5;0
1254;7.8;0.7;0.06;1.9;0.079;20.0;35.0;0.9962799999999999;3.4;0.69;10.9;5;0
1255;6.1;0.64;0.02;2.4;0.069;26.0;46.0;0.9935799999999999;3.47;0.45;11.0;5;0
1256;7.5;0.59;0.22;1.8;0.08199999999999999;43.0;60.0;0.9949899999999999;3.1;0.42;9.2;5;0
1260;8.6;0.635;0.68;1.8;0.08294229549778061;19.0;56.0;0.9963200000000001;3.02;1.15;9.3;5;0
1261;6.3;1.02;0.0;2.0;0.083;17.0;24.0;0.9943700000000001;3.59;0.55;11.2;4;0
1262;9.8;0.45;0.38;2.5;0.081;34.0;66.0;0.99726;3.15;0.58;9.8;5;0
1263;8.2;0.78;0.0;2.2;0.08900000000000001;13.0;26.0;0.9978;3.37;0.46;9.6;4;0
1269;5.5;0.49;0.03;1.8;0.044000000000000004;28.0;87.0;0.9908;3.5;0.82;14.0;8;1
1272;5.9;0.46;0.0;1.9;0.077;25.0;44.0;0.99385;3.5;0.53;11.2;5;0
1273;7.5;0.58;0.2;2.0;0.073;34.0;44.0;0.9949399999999999;3.1;0.43;9.3;5;0
1276;8.5;0.4;0.4;6.3;0.05;3.0;10.0;0.99566;3.28;0.56;12.0;4;0
1279;9.8;0.3;0.39;1.7;0.062;3.0;9.0;0.9948;3.14;0.57;11.5;7;1
1284;7.0;0.42;0.19;2.3;0.071;18.0;36.0;0.9947600000000001;3.39;0.56;10.9;5;0
1285;11.3;0.37;0.5;1.8;0.09;20.0;47.0;0.99734;3.15;0.57;10.5;5;0
1287;8.0;0.6;0.08;2.6;0.055999999999999994;3.0;7.0;0.9928600000000001;3.22;0.37;13.0;5;0
1288;7.0;0.6;0.3;4.5;0.068;20.0;110.0;0.9991399999999999;3.3;1.17;10.2;5;0
1289;7.0;0.6;0.3;4.5;0.068;20.0;110.0;0.9991399999999999;3.3;1.17;10.2;5;0
1290;7.6;0.74;0.0;1.9;0.1;6.0;12.0;0.99521;3.36;0.59;11.0;5;0
1293;7.5;0.755;0.0;1.9;0.084;6.0;12.0;0.99672;3.34;0.49;9.7;4;0
1295;6.6;0.63;0.0;4.3;0.09300000000000001;51.0;77.5;0.9955799999999999;3.2;0.45;9.5;5;0
1296;6.6;0.63;0.0;4.3;0.09300000000000001;51.0;77.5;0.9955799999999999;3.2;0.45;9.5;5;0
1303;8.0;0.28;0.44;1.8;0.081;28.0;68.0;0.9950100000000001;3.36;0.66;11.2;5;0
1304;7.6;0.79;0.21;2.3;0.087;21.0;68.0;0.9955;3.12;0.44;9.2;5;0
1305;7.5;0.61;0.26;1.9;0.073;24.0;88.0;0.9961200000000001;3.3;0.53;9.8;5;0
1306;9.7;0.69;0.32;2.5;0.08800000000000001;22.0;91.0;0.9979;3.29;0.62;10.1;5;0
1307;6.8;0.68;0.09;3.9;0.068;15.0;29.0;0.99524;3.41;0.52;11.1;4;0
1308;9.7;0.69;0.32;2.5;0.08800000000000001;22.0;91.0;0.9979;3.29;0.62;10.1;5;0
1309;7.0;0.62;0.1;1.4;0.071;27.0;63.0;0.996;3.28;0.61;9.2;5;0
1310;7.5;0.61;0.26;1.9;0.073;24.0;88.0;0.9961200000000001;3.3;0.53;9.8;5;0
1312;8.0;1.18;0.21;1.9;0.083;14.0;41.0;0.9953200000000001;3.34;0.47;10.5;5;0
1320;9.7;0.66;0.34;2.6;0.094;12.0;88.0;0.9979600000000001;3.26;0.66;10.1;5;0
1322;9.1;0.34;0.42;1.8;0.057999999999999996;9.0;18.0;0.99392;3.18;0.55;11.4;5;0
1323;9.1;0.36;0.39;1.8;0.06;21.0;55.0;0.99495;3.18;0.82;11.0;7;1
1328;6.5;0.52;0.11;1.8;0.073;13.0;38.0;0.9955;3.34;0.52;9.3;5;0
1331;7.8;0.87;0.26;3.8;0.107;31.0;67.0;0.9966799999999999;3.26;0.46;9.2;5;0
1333;9.1;0.775;0.22;2.2;0.079;12.0;48.0;0.9976;3.18;0.51;9.6;5;0
1334;7.2;0.835;0.0;2.0;0.166;4.0;11.0;0.99608;3.39;0.52;10.0;5;0
1336;6.0;0.5;0.0;1.4;0.057;15.0;26.0;0.9944799999999999;3.36;0.45;9.5;5;0
1337;6.0;0.5;0.0;1.4;0.057;15.0;26.0;0.9944799999999999;3.36;0.45;9.5;5;0
1338;6.0;0.5;0.0;1.4;0.057;15.0;26.0;0.9944799999999999;3.36;0.45;9.5;5;0
1344;11.5;0.42;0.48;2.6;0.077;8.0;20.0;0.9985200000000001;3.09;0.53;11.0;5;0
1346;6.1;0.59;0.01;2.1;0.055999999999999994;5.0;13.0;0.99472;3.52;0.56;11.4;5;0
1347;7.2;0.655;0.03;1.8;0.078;7.0;12.0;0.99587;3.34;0.39;9.5;5;0
1348;7.2;0.655;0.03;1.8;0.078;7.0;12.0;0.99587;3.34;0.39;9.5;5;0
1349;6.9;0.57;0.0;2.8;0.081;21.0;41.0;0.99518;3.41;0.52;10.8;5;0
1350;9.0;0.6;0.29;2.0;0.069;32.0;73.0;0.99654;3.34;0.57;10.0;5;0
1352;7.6;0.645;0.03;1.9;0.086;14.0;57.0;0.9969;3.37;0.46;10.3;5;0
1353;7.6;0.645;0.03;1.9;0.086;14.0;57.0;0.9969;3.37;0.46;10.3;5;0
1354;7.2;0.58;0.03;2.3;0.077;7.0;28.0;0.9956799999999999;3.35;0.52;10.0;5;0
1355;6.1;0.32;0.25;1.8;0.086;5.0;32.0;0.99464;3.36;0.44;10.1;5;0
1356;6.1;0.34;0.25;1.8;0.084;4.0;28.0;0.99464;3.36;0.44;10.1;5;0
1358;7.4;0.64;0.17;5.4;0.168;52.0;98.0;0.99736;3.28;0.5;9.5;5;0
1360;9.2;0.54;0.31;2.3;0.11199999999999999;11.0;38.0;0.9969899999999999;3.24;0.56;10.9;5;0
1361;8.3;0.85;0.14;2.5;0.09300000000000001;13.0;54.0;0.99724;3.36;0.54;10.1;5;0
1363;8.0;0.83;0.27;2.0;0.08;11.0;63.0;0.9965200000000001;3.29;0.48;9.8;4;0
1365;7.8;0.5;0.09;2.2;0.115;10.0;42.0;0.9971;3.18;0.62;9.5;5;0
1366;7.3;0.74;0.08;1.7;0.094;10.0;45.0;0.9957600000000001;3.24;0.5;9.8;5;0
1369;6.6;0.61;0.0;1.6;0.069;4.0;8.0;0.9939600000000001;3.33;0.37;10.4;4;0
1370;8.7;0.78;0.51;1.7;0.08294229549778061;12.0;66.0;0.99623;3.0;1.17;9.2;5;0
1372;8.7;0.78;0.51;1.7;0.08294229549778061;12.0;66.0;0.99623;3.0;1.17;9.2;5;0
1373;7.7;0.75;0.27;3.8;0.11;34.0;89.0;0.99664;3.24;0.45;9.3;5;0
1375;7.2;0.56;0.26;2.0;0.083;13.0;100.0;0.9958600000000001;3.26;0.52;9.9;5;0
1376;8.2;0.885;0.2;1.4;0.086;7.0;31.0;0.9946;3.11;0.46;10.0;5;0
1381;6.8;0.83;0.09;1.8;0.07400000000000001;4.0;25.0;0.99534;3.38;0.45;9.6;5;0
1382;8.0;0.6;0.22;2.1;0.08;25.0;105.0;0.99613;3.3;0.49;9.9;5;0
1383;8.0;0.6;0.22;2.1;0.08;25.0;105.0;0.99613;3.3;0.49;9.9;5;0
1384;7.1;0.755;0.15;1.8;0.107;20.0;84.0;0.99593;3.19;0.5;9.5;5;0
1385;8.0;0.81;0.25;3.4;0.076;34.0;85.0;0.9966799999999999;3.19;0.42;9.2;5;0
1386;7.4;0.64;0.07;1.8;0.1;8.0;23.0;0.9961;3.3;0.58;9.6;5;0
1387;7.4;0.64;0.07;1.8;0.1;8.0;23.0;0.9961;3.3;0.58;9.6;5;0
1388;6.6;0.64;0.31;6.1;0.083;7.0;49.0;0.99718;3.35;0.68;10.3;5;0
1389;6.7;0.48;0.02;2.2;0.08;36.0;111.0;0.99524;3.1;0.53;9.7;5;0
1391;8.0;0.64;0.22;2.4;0.094;5.0;33.0;0.9961200000000001;3.37;0.58;11.0;5;0
1392;7.1;0.62;0.06;1.3;0.07;5.0;12.0;0.9942;3.17;0.48;9.8;5;0
1393;8.0;0.52;0.25;2.0;0.078;19.0;59.0;0.9961200000000001;3.3;0.48;10.2;5;0
1394;6.4;0.57;0.14;3.9;0.07;27.0;73.0;0.99669;3.32;0.48;9.2;5;0
1396;8.7;0.675;0.1;1.6;0.09;4.0;11.0;0.99745;3.31;0.65;9.55;5;0
1397;7.3;0.59;0.26;2.0;0.08;17.0;104.0;0.99584;3.28;0.52;9.9;5;0
1398;7.0;0.6;0.12;2.2;0.083;13.0;28.0;0.9966;3.52;0.62;10.2;7;1
1400;7.9;0.69;0.21;2.1;0.08;33.0;141.0;0.9962;3.25;0.51;9.9;5;0
1401;7.9;0.69;0.21;2.1;0.08;33.0;141.0;0.9962;3.25;0.51;9.9;5;0
1403;7.2;0.33;0.33;1.7;0.061;3.0;13.0;0.996;3.23;1.1;10.0;8;1
1405;7.7;0.28;0.3;2.0;0.062;18.0;34.0;0.9952;3.28;0.9;11.3;7;1
1408;8.1;0.29;0.36;2.2;0.048;35.0;53.0;0.995;3.27;1.01;12.4;7;1
1413;9.9;0.57;0.25;2.0;0.10400000000000001;12.0;89.0;0.9963;3.04;0.9;10.1;5;0
1414;10.0;0.32;0.59;2.2;0.077;3.0;15.0;0.9994;3.2;0.78;9.6;5;0
1415;6.2;0.58;0.0;1.6;0.065;8.0;18.0;0.9966;3.56;0.84;9.4;5;0
1416;10.0;0.32;0.59;2.2;0.077;3.0;15.0;0.9994;3.2;0.78;9.6;5;0
1417;7.3;0.34;0.33;2.5;0.064;21.0;37.0;0.9952;3.35;0.77;12.1;7;1
1418;7.8;0.53;0.01;1.6;0.077;3.0;19.0;0.995;3.16;0.46;9.8;5;0
1419;7.7;0.64;0.21;2.2;0.077;32.0;133.0;0.9956;3.27;0.45;9.9;5;0
1420;7.8;0.53;0.01;1.6;0.077;3.0;19.0;0.995;3.16;0.46;9.8;5;0
1421;7.5;0.4;0.18;1.6;0.079;24.0;58.0;0.9965;3.34;0.58;9.4;5;0
1423;6.4;0.53;0.09;3.9;0.12300000000000001;14.0;31.0;0.9968;3.5;0.67;11.0;4;0
1427;7.6;0.41;0.33;2.5;0.078;6.0;23.0;0.9957;3.3;0.58;11.2;5;0
1428;7.8;0.64;0.0;1.9;0.07200000000000001;27.0;55.0;0.9962;3.31;0.63;11.0;5;0
1429;7.9;0.18;0.4;2.2;0.049;38.0;67.0;0.996;3.33;0.93;11.3;5;0
1430;7.4;0.41;0.24;1.8;0.066;18.0;47.0;0.9956;3.37;0.62;10.4;5;0
1433;6.1;0.4;0.16;1.8;0.069;11.0;25.0;0.9955;3.42;0.74;10.1;7;1
1436;10.0;0.38;0.38;1.6;0.16899999999999998;27.0;90.0;0.9991399999999999;3.15;0.65;8.5;5;0
1437;6.8;0.915;0.29;4.8;0.07;15.0;39.0;0.99577;3.53;0.54;11.1;5;0
1438;7.0;0.59;0.0;1.7;0.052000000000000005;3.0;8.0;0.996;3.41;0.47;10.3;5;0
1440;7.2;0.37;0.32;2.0;0.062;15.0;28.0;0.9947;3.23;0.73;11.3;7;1
1442;6.9;0.63;0.02;1.9;0.078;18.0;30.0;0.9971200000000001;3.4;0.75;9.8;5;0
1443;6.9;0.58;0.2;1.75;0.057999999999999996;8.0;22.0;0.9932200000000001;3.38;0.49;11.7;5;0
1446;6.9;0.63;0.02;1.9;0.078;18.0;30.0;0.9971200000000001;3.4;0.75;9.8;5;0
1447;6.8;0.67;0.0;1.9;0.08;22.0;39.0;0.9970100000000001;3.4;0.74;9.7;5;0
1448;6.9;0.58;0.01;1.9;0.08;40.0;54.0;0.9968299999999999;3.4;0.73;9.7;5;0
1449;7.2;0.38;0.31;2.0;0.055999999999999994;15.0;29.0;0.99472;3.23;0.76;11.3;8;1
1450;7.2;0.37;0.32;2.0;0.062;15.0;28.0;0.9947;3.23;0.73;11.3;7;1
1451;7.8;0.32;0.44;2.7;0.10400000000000001;8.0;17.0;0.9973200000000001;3.33;0.78;11.0;7;1
1452;6.6;0.58;0.02;2.0;0.062;37.0;53.0;0.99374;3.35;0.76;11.6;7;1
1453;7.6;0.49;0.33;1.9;0.07400000000000001;27.0;85.0;0.9970600000000001;3.41;0.58;9.0;5;0
1457;7.6;0.49;0.33;1.9;0.07400000000000001;27.0;85.0;0.9970600000000001;3.41;0.58;9.0;5;0
1458;8.4;0.29;0.4;1.7;0.067;8.0;20.0;0.99603;3.39;0.6;10.5;5;0
1459;7.9;0.2;0.35;1.7;0.054000000000000006;7.0;15.0;0.9945799999999999;3.32;0.8;11.9;7;1
1461;6.2;0.785;0.0;2.1;0.06;6.0;13.0;0.99664;3.59;0.61;10.0;4;0
1464;6.8;0.59;0.1;1.7;0.063;34.0;53.0;0.9958;3.41;0.67;9.7;5;0
1465;6.8;0.59;0.1;1.7;0.063;34.0;53.0;0.9958;3.41;0.67;9.7;5;0
1466;7.3;0.48;0.32;2.1;0.062;31.0;54.0;0.9972799999999999;3.3;0.65;10.0;7;1
1467;6.7;1.04;0.08;2.3;0.067;19.0;32.0;0.9964799999999999;3.52;0.57;11.0;4;0
1468;7.3;0.48;0.32;2.1;0.062;31.0;54.0;0.9972799999999999;3.3;0.65;10.0;7;1
1470;10.0;0.69;0.11;1.4;0.084;8.0;24.0;0.9957799999999999;2.88;0.47;9.7;5;0
1471;6.7;0.7;0.08;3.75;0.067;8.0;16.0;0.99334;3.43;0.52;12.6;5;0
1473;6.1;0.6;0.08;1.8;0.071;14.0;45.0;0.99336;3.38;0.54;11.0;5;0
1474;9.9;0.5;0.5;2.463948362720403;0.205;48.0;82.0;1.00242;3.16;0.75;8.8;5;0
1475;5.3;0.47;0.11;2.2;0.048;16.0;89.0;0.99182;3.54;0.88;13.566666666666698;7;1
1476;9.9;0.5;0.5;2.463948362720403;0.205;48.0;82.0;1.00242;3.16;0.75;8.8;5;0
1477;5.3;0.47;0.11;2.2;0.048;16.0;89.0;0.99182;3.54;0.88;13.6;7;1
1479;8.2;0.28;0.6;3.0;0.10400000000000001;10.0;22.0;0.99828;3.39;0.68;10.6;5;0
1480;5.6;0.62;0.03;1.5;0.08;6.0;13.0;0.99498;3.66;0.62;10.1;4;0
1481;8.2;0.28;0.6;3.0;0.10400000000000001;10.0;22.0;0.99828;3.39;0.68;10.6;5;0
1482;7.2;0.58;0.54;2.1;0.114;3.0;9.0;0.9971899999999999;3.33;0.57;10.3;4;0
1483;8.1;0.33;0.44;1.5;0.042;6.0;12.0;0.9954200000000001;3.35;0.61;10.7;5;0
1484;6.8;0.91;0.06;2.0;0.06;4.0;11.0;0.99592;3.53;0.64;10.9;4;0
1485;7.0;0.655;0.16;2.1;0.07400000000000001;8.0;25.0;0.9960600000000001;3.37;0.55;9.7;5;0
1486;6.8;0.68;0.21;2.1;0.07;9.0;23.0;0.99546;3.38;0.6;10.3;5;0
1487;6.0;0.64;0.05;1.9;0.066;9.0;17.0;0.9949600000000001;3.52;0.78;10.6;5;0
1488;5.6;0.54;0.04;1.7;0.049;5.0;13.0;0.9942;3.72;0.58;11.4;5;0
1491;5.6;0.54;0.04;1.7;0.049;5.0;13.0;0.9942;3.72;0.58;11.4;5;0
1492;6.2;0.65;0.06;1.6;0.05;6.0;18.0;0.9934799999999999;3.57;0.54;11.95;5;0
1493;7.7;0.54;0.26;1.9;0.08900000000000001;23.0;147.0;0.99636;3.26;0.59;9.7;5;0
1494;6.4;0.31;0.09;1.4;0.066;15.0;28.0;0.99459;3.42;0.7;10.0;7;1
1496;7.7;0.54;0.26;1.9;0.08900000000000001;23.0;147.0;0.99636;3.26;0.59;9.7;5;0
1500;7.5;0.725;0.04;1.5;0.076;8.0;15.0;0.99508;3.26;0.53;9.6;5;0
1501;7.8;0.82;0.29;4.3;0.083;21.0;64.0;0.9964200000000001;3.16;0.53;9.4;5;0
1502;7.3;0.585;0.18;2.4;0.078;15.0;60.0;0.9963799999999999;3.31;0.54;9.8;5;0
1509;7.9;0.18;0.4;1.8;0.062;7.0;20.0;0.9941;3.28;0.7;11.1;5;0
1511;7.1;0.69;0.04;2.1;0.068;19.0;27.0;0.9971200000000001;3.44;0.67;9.8;5;0
1516;6.1;0.32;0.25;2.3;0.071;23.0;58.0;0.9963299999999999;3.42;0.97;10.6;5;0
1518;7.4;0.47;0.46;2.2;0.114;7.0;20.0;0.9964700000000001;3.32;0.63;10.5;5;0
1519;6.6;0.7;0.08;2.6;0.106;14.0;27.0;0.99665;3.44;0.58;10.2;5;0
1521;6.9;0.48;0.2;1.9;0.08199999999999999;9.0;23.0;0.99585;3.39;0.43;9.05;4;0
1522;6.1;0.32;0.25;2.3;0.071;23.0;58.0;0.9963299999999999;3.42;0.97;10.6;5;0
1523;6.8;0.48;0.25;2.0;0.076;29.0;61.0;0.9953;3.34;0.6;10.4;5;0
1525;6.7;0.48;0.08;2.1;0.064;18.0;34.0;0.9955200000000001;3.33;0.64;9.7;5;0
1531;6.1;0.705;0.1;2.8;0.081;13.0;28.0;0.99631;3.6;0.66;10.2;5;0
1533;8.0;0.39;0.3;1.9;0.07400000000000001;32.0;84.0;0.9971700000000001;3.39;0.61;9.0;5;0
1534;6.6;0.56;0.14;2.4;0.064;13.0;29.0;0.99397;3.42;0.62;11.7;7;1
1538;6.2;0.64;0.09;2.5;0.081;15.0;26.0;0.9953799999999999;3.57;0.63;12.0;5;0
1539;7.2;0.39;0.32;1.8;0.065;34.0;60.0;0.9971399999999999;3.46;0.78;9.9;5;0
1541;7.4;0.25;0.29;2.2;0.054000000000000006;19.0;49.0;0.99666;3.4;0.76;10.9;7;1
1544;8.4;0.37;0.43;2.3;0.063;12.0;19.0;0.9955;3.17;0.81;11.2;7;1
1546;7.0;0.57;0.02;2.0;0.07200000000000001;17.0;26.0;0.99575;3.36;0.61;10.2;5;0
1547;6.3;0.6;0.1;1.6;0.048;12.0;26.0;0.99306;3.55;0.51;12.1;5;0
1548;11.2;0.4;0.5;2.0;0.099;19.0;50.0;0.9978299999999999;3.1;0.58;10.4;5;0
1549;7.4;0.36;0.3;1.8;0.07400000000000001;17.0;24.0;0.99419;3.24;0.7;11.4;8;1
1550;7.1;0.68;0.0;2.3;0.087;17.0;26.0;0.9978299999999999;3.45;0.53;9.5;5;0
1551;7.1;0.67;0.0;2.3;0.083;18.0;27.0;0.9976799999999999;3.44;0.54;9.4;5;0
1553;7.3;0.735;0.0;2.2;0.08;18.0;28.0;0.99765;3.41;0.6;9.4;5;0
1555;7.0;0.56;0.17;1.7;0.065;15.0;24.0;0.9951399999999999;3.44;0.68;10.55;7;1
1556;6.6;0.88;0.04;2.2;0.066;12.0;20.0;0.99636;3.53;0.56;9.9;5;0
1558;6.9;0.63;0.33;6.7;0.235;66.0;115.0;0.99787;3.22;0.56;9.5;5;0
1559;7.8;0.6;0.26;2.0;0.08;31.0;131.0;0.9962200000000001;3.21;0.52;9.9;5;0
1560;7.8;0.6;0.26;2.0;0.08;31.0;131.0;0.9962200000000001;3.21;0.52;9.9;5;0
1561;7.8;0.6;0.26;2.0;0.08;31.0;131.0;0.9962200000000001;3.21;0.52;9.9;5;0
1562;7.2;0.695;0.13;2.0;0.076;12.0;20.0;0.99546;3.29;0.54;10.1;5;0
1563;7.2;0.695;0.13;2.0;0.076;12.0;20.0;0.99546;3.29;0.54;10.1;5;0
1564;7.2;0.695;0.13;2.0;0.076;12.0;20.0;0.99546;3.29;0.54;10.1;5;0
1567;7.2;0.695;0.13;2.0;0.076;12.0;20.0;0.99546;3.29;0.54;10.1;5;0
1568;7.0;0.56;0.13;1.6;0.077;25.0;42.0;0.99629;3.34;0.59;9.2;5;0
1572;7.3;0.69;0.32;2.2;0.069;35.0;104.0;0.9963200000000001;3.33;0.51;9.5;5;0
1579;6.2;0.56;0.09;1.7;0.053;24.0;32.0;0.9940200000000001;3.54;0.6;11.3;5;0
1581;6.2;0.56;0.09;1.7;0.053;24.0;32.0;0.9940200000000001;3.54;0.6;11.3;5;0
1582;6.1;0.715;0.1;2.6;0.053;13.0;27.0;0.9936200000000001;3.57;0.5;11.9;5;0
1583;6.2;0.46;0.29;2.1;0.07400000000000001;32.0;98.0;0.9957799999999999;3.33;0.62;9.8;5;0
1584;6.7;0.32;0.44;2.4;0.061;24.0;34.0;0.99484;3.29;0.8;11.6;7;1
1589;6.6;0.725;0.2;7.8;0.073;29.0;79.0;0.9977;3.29;0.54;9.2;5;0
1594;6.2;0.6;0.08;2.0;0.09;32.0;44.0;0.9949;3.45;0.58;10.5;5;0
1597;5.9;0.645;0.12;2.0;0.075;32.0;44.0;0.9954700000000001;3.57;0.71;10.2;5;0
